date,ticker,stock_name,source,title,summary,content,url,sentiment_score,sentiment_label
2026-06-01,1216.TW,統一,Yahoo股市-台股動態,端午變盤還是變旺？統一投信：台股節前20天上漲機率逾7成,財經中心／綜合報導端午節即將到來，市場也開始關注「端午行情」是否再度上演。統一投信指出，根據統計，近15年台股加權指數在端午節前20天，上漲機率超過七成，平均漲幅達2.7%；若觀察節前10天，上漲機率,,https://tw.stock.yahoo.com/news/%E7%AB%AF%E5%8D%88%E8%AE%8A%E7%9B%A4%E9%82%84%E6%98%AF%E8%AE%8A%E6%97%BA-%E7%B5%B1-%E6%8A%95%E4%BF%A1-%E5%8F%B0%E8%82%A1%E7%AF%80%E5%89%8D20%E5%A4%A9%E4%B8%8A%E6%BC%B2%E6%A9%9F%E7%8E%87%E9%80%BE7%E6%88%90-102533771.html,0.0,neutral
2026-06-01,1216.TW,統一,中央社-產經證券,外資買超368億 加碼主動統一升級50達11萬張,（中央社記者潘智義台北1日電）在AI概念股領軍下，台股今天續創新高，外資買超新台幣368.02億元，買超主動統一升級50（00403A）11萬1082張居冠，群創8萬703張第2；賣超第1名則是力積電15萬8205張、友達11萬354張居次。,,https://www.cna.com.tw/news/afe/202606010305.aspx,0.5,positive
2026-06-01,1303.TW,南亞,Yahoo股市-台股動態,賣房子小賺 買台積電大賺！皇翔靠這3檔飆股比本業多賺2.6億,近年房地產推案受大環境影響，但皇翔建設卻透過投資台積電、台達電與南亞科等股票，2025年大賺約9.48億元，相較去年淨利6.81億元，投資股票比本業還賺錢。皇翔1日召開股東會，董事長廖年吉因有事不克出,,https://tw.news.yahoo.com/%E8%B3%A3%E6%88%BF%E5%AD%90%E5%B0%8F%E8%B3%BA-%E8%B2%B7%E5%8F%B0%E7%A9%8D%E9%9B%BB%E5%A4%A7%E8%B3%BA-%E7%9A%87%E7%BF%94%E9%9D%A0%E9%80%993%E6%AA%94%E9%A3%86%E8%82%A1%E6%AF%94%E6%9C%AC%E6%A5%AD%E5%A4%9A%E8%B3%BA2-6%E5%84%84-114936990.html,0.0,neutral
2026-06-01,1504.TW,東元,中央社-產經證券,威力彩第115044期開獎,（中央社台北1日電）威力彩第115044期今晚開獎，第一區中獎號碼為03、35、09、24、15、08，第二區中獎號碼為04。,,https://www.cna.com.tw/news/ahel/202606010319.aspx,0.0,neutral
2026-06-01,1513.TW,中興電,中央社-產經證券,今彩539第115133期開獎,（中央社台北1日電）今彩539第115133期開獎，中獎號碼14、05、19、20、28。3星彩中獎號碼088，4星彩中獎號碼3882。,,https://www.cna.com.tw/news/ahel/202606010317.aspx,0.0,neutral
2026-06-01,2015.TW,豐興,Yahoo股市-最新新聞,國際廢鋼、小鋼胚價跌 鋼筋買氣弱豐興盤價連2跌,國際廢鋼、小鋼胚價跌 鋼筋買氣弱豐興盤價連 2 跌,,https://tw.stock.yahoo.com/news/%E5%9C%8B%E9%9A%9B%E5%BB%A2%E9%8B%BC-%E5%B0%8F%E9%8B%BC%E8%83%9A%E5%83%B9%E8%B7%8C-%E9%8B%BC%E7%AD%8B%E8%B2%B7%E6%B0%A3%E5%BC%B1%E8%B1%90%E8%88%88%E7%9B%A4%E5%83%B9%E9%80%A32%E8%B7%8C-125410114.html,0.0,neutral
2026-06-01,2031.TW,新光鋼,Yahoo股市-最新新聞,"【公告】代孫公司江蘇華瀚醫藥科技有限公司公告HH-001沙庫巴曲纈沙坦鈉片藥品,諾華專利獲得中國大陸藥品專利期限補償,專利延長至2031年11月8日","日 期：2026年06月01日公司名稱：易威(1799)主 旨：代孫公司江蘇華瀚醫藥科技有限公司公告HH-001沙庫巴曲纈沙坦鈉片藥品,諾華專利獲得中國大陸藥品專利期限補償,專利延長至2031年11月",,https://tw.stock.yahoo.com/news/%E5%85%AC%E5%91%8A-%E4%BB%A3%E5%AD%AB%E5%85%AC%E5%8F%B8%E6%B1%9F%E8%98%87%E8%8F%AF%E7%80%9A%E9%86%AB%E8%97%A5%E7%A7%91%E6%8A%80%E6%9C%89%E9%99%90%E5%85%AC%E5%8F%B8%E5%85%AC%E5%91%8Ahh-001%E6%B2%99%E5%BA%AB%E5%B7%B4%E6%9B%B2%E7%BA%88%E6%B2%99%E5%9D%A6%E9%88%89%E7%89%87%E8%97%A5%E5%93%81-%E8%AB%BE%E8%8F%AF%E5%B0%88%E5%88%A9%E7%8D%B2%E5%BE%97%E4%B8%AD%E5%9C%8B%E5%A4%A7%E9%99%B8%E8%97%A5%E5%93%81%E5%B0%88%E5%88%A9%E6%9C%9F%E9%99%90%E8%A3%9C%E5%84%9F-%E5%B0%88%E5%88%A9%E5%BB%B6%E9%95%B7%E8%87%B32031%E5%B9%B411%E6%9C%888%E6%97%A5-132109455.html,0.0,neutral
2026-06-01,2031.TW,新光鋼,Yahoo股市-最新新聞,"易威 代孫公司江蘇華瀚醫藥科技有限公司公告HH-001沙庫巴曲纈沙坦鈉片藥品,諾華專利獲得中國大陸藥品專利期限補償,專利延長至2031年11月8日","公開資訊觀測站重大訊息公告(1799)易威-代孫公司江蘇華瀚醫藥科技有限公司公告HH-001沙庫巴曲纈沙坦鈉片藥品,諾華專利獲得中國大陸藥品專利期限補償,專利延長至2031年11月8日1.事實發生日:",,https://tw.stock.yahoo.com/news/%E6%98%93%E5%A8%81-%E4%BB%A3%E5%AD%AB%E5%85%AC%E5%8F%B8%E6%B1%9F%E8%98%87%E8%8F%AF%E7%80%9A%E9%86%AB%E8%97%A5%E7%A7%91%E6%8A%80%E6%9C%89%E9%99%90%E5%85%AC%E5%8F%B8%E5%85%AC%E5%91%8Ahh-001%E6%B2%99%E5%BA%AB%E5%B7%B4%E6%9B%B2%E7%BA%88%E6%B2%99%E5%9D%A6%E9%88%89%E7%89%87%E8%97%A5%E5%93%81-%E8%AB%BE%E8%8F%AF%E5%B0%88%E5%88%A9%E7%8D%B2%E5%BE%97%E4%B8%AD%E5%9C%8B%E5%A4%A7%E9%99%B8%E8%97%A5%E5%93%81%E5%B0%88%E5%88%A9%E6%9C%9F%E9%99%90%E8%A3%9C%E5%84%9F-%E5%B0%88%E5%88%A9%E5%BB%B6%E9%95%B7%E8%87%B32031%E5%B9%B411%E6%9C%888%E6%97%A5-130300363.html,0.0,neutral
2026-06-01,2204.TW,中華,Yahoo股市-台股動態,AI帶動PMI連八擴 台股衝四萬五過熱？連賢明示警「修正比預期快」,AI產業帶動，景氣持續暢旺！中華經濟研究院今（6/1）日發布5月製造業採購經理人指數（PMI）來到61.4%，上揚1.1個百分點，連續8個月擴張，續創2021年9月以來最快擴張速度。只是AI也帶動台股,,https://tw.news.yahoo.com/ai%E5%B8%B6%E5%8B%95pmi%E9%80%A3%E5%85%AB%E6%93%B4-%E5%8F%B0%E8%82%A1%E8%A1%9D%E5%9B%9B%E8%90%AC%E4%BA%94%E9%81%8E%E7%86%B1-%E9%80%A3%E8%B3%A2%E6%98%8E%E7%A4%BA%E8%AD%A6-%E4%BF%AE%E6%AD%A3%E6%AF%94%E9%A0%90%E6%9C%9F%E5%BF%AB-104659953.html,0.0,neutral
2026-06-01,2204.TW,中華,Yahoo股市-最新新聞,【公告】永冠-KY中華民國境內第四次無擔保轉換公司債(簡稱：永冠四KY，代碼：15894)債券持有人行使賣回權相關事宜(清償方案未獲本次債權人會議決議通過),日 期：2026年06月01日公司名稱：永冠-KY(1589)主 旨：永冠-KY中華民國境內第四次無擔保轉換公司債(簡稱：永冠四KY，代碼：15894)債券持有人行使賣回權相關事宜(清償方案未獲本次債,,https://tw.stock.yahoo.com/news/%E5%85%AC%E5%91%8A-%E6%B0%B8%E5%86%A0-ky%E4%B8%AD%E8%8F%AF%E6%B0%91%E5%9C%8B%E5%A2%83%E5%85%A7%E7%AC%AC%E5%9B%9B%E6%AC%A1%E7%84%A1%E6%93%94%E4%BF%9D%E8%BD%89%E6%8F%9B%E5%85%AC%E5%8F%B8%E5%82%B5-%E7%B0%A1%E7%A8%B1-%E6%B0%B8%E5%86%A0%E5%9B%9Bky-134422585.html,0.0,neutral
2026-06-01,2204.TW,中華,Yahoo股市-最新新聞,永冠-KY 公告本公司中華民國境內第四次無擔保轉換公司債(簡稱：永冠四KY，代碼：15894)債券持有人行使賣回權相關事宜(清償方案未獲本次債權人會議...,公開資訊觀測站重大訊息公告(1589)永冠-KY-公告本公司中華民國境內第四次無擔保轉換公司債(簡稱：永冠四KY，代碼：15894)債券持有人行使賣回權相關事宜(清償方案未獲本次債權人會議決議通過)1,,https://tw.stock.yahoo.com/news/%E6%B0%B8%E5%86%A0-ky-%E5%85%AC%E5%91%8A%E6%9C%AC%E5%85%AC%E5%8F%B8%E4%B8%AD%E8%8F%AF%E6%B0%91%E5%9C%8B%E5%A2%83%E5%85%A7%E7%AC%AC%E5%9B%9B%E6%AC%A1%E7%84%A1%E6%93%94%E4%BF%9D%E8%BD%89%E6%8F%9B%E5%85%AC%E5%8F%B8%E5%82%B5-%E7%B0%A1%E7%A8%B1-%E6%B0%B8%E5%86%A0%E5%9B%9Bky-133300028.html,0.0,neutral
2026-06-01,2204.TW,中華,Yahoo股市-最新新聞,跨國販嬰案受害者 46年後取得我國籍,46年前被母親出養給澳洲家庭的台灣女子王雯（Vanessa Miles）今天(1日) 於駐雪梨辦事處領取中華民國護照。 萬里尋親記 王雯在領取新護照時與駐雪梨辦事處處長吳正偉會晤；吳正偉向王雯說明，指,,https://tw.news.yahoo.com/%E8%B7%A8%E5%9C%8B%E8%B2%A9%E5%AC%B0%E6%A1%88%E5%8F%97%E5%AE%B3%E8%80%85-46%E5%B9%B4%E5%BE%8C%E5%8F%96%E5%BE%97%E6%88%91%E5%9C%8B%E7%B1%8D-130854788.html,0.0,neutral
2026-06-01,2308.TW,台達電,Yahoo股市-台股動態,賣房子小賺 買台積電大賺！皇翔靠這3檔飆股比本業多賺2.6億,近年房地產推案受大環境影響，但皇翔建設卻透過投資台積電、台達電與南亞科等股票，2025年大賺約9.48億元，相較去年淨利6.81億元，投資股票比本業還賺錢。皇翔1日召開股東會，董事長廖年吉因有事不克出,,https://tw.news.yahoo.com/%E8%B3%A3%E6%88%BF%E5%AD%90%E5%B0%8F%E8%B3%BA-%E8%B2%B7%E5%8F%B0%E7%A9%8D%E9%9B%BB%E5%A4%A7%E8%B3%BA-%E7%9A%87%E7%BF%94%E9%9D%A0%E9%80%993%E6%AA%94%E9%A3%86%E8%82%A1%E6%AF%94%E6%9C%AC%E6%A5%AD%E5%A4%9A%E8%B3%BA2-6%E5%84%84-114936990.html,0.0,neutral
2026-06-01,2317.TW,鴻海,Yahoo股市-台股動態,[Computex 2026] 鴻華先進攜聯發科技、NVIDIA策略合作！導入天璣汽車C-X1平台打造AI智慧座艙,聯發科技今日宣布與鴻海集團旗下的鴻華先進（FOXTRON）策略合作，攜手加速AI賦能智慧汽車的創新演進。在此次的全球長期合作之下，策略合作夥伴生態系之高階車種將導入整合NVIDIA先進GPU與AI技術,,https://autos.yahoo.com.tw/news/computex-2026-%E9%B4%BB%E8%8F%AF%E5%85%88%E9%80%B2%E6%94%9C%E8%81%AF%E7%99%BC%E7%A7%91%E6%8A%80%E3%80%81nvidia%E7%AD%96%E7%95%A5%E5%90%88%E4%BD%9C%EF%BC%81%E5%B0%8E%E5%85%A5%E5%A4%A9%E7%92%A3%E6%B1%BD%E8%BB%8Ac-x1%E5%B9%B3%E5%8F%B0%E6%89%93%E9%80%A0ai%E6%99%BA%E6%85%A7%E5%BA%A7%E8%89%99-125225076.html,0.0,neutral
2026-06-01,2317.TW,鴻海,Yahoo股市-台股動態,鴻海攻歐洲先進封裝 法國合資公司目標2033年產5000萬顆SIP元件,鴻海攻歐洲先進封裝 法國合資公司目標 2033 年產 5000 萬顆 SIP 元件,,https://tw.stock.yahoo.com/news/%E9%B4%BB%E6%B5%B7%E6%94%BB%E6%AD%90%E6%B4%B2%E5%85%88%E9%80%B2%E5%B0%81%E8%A3%9D-%E6%B3%95%E5%9C%8B%E5%90%88%E8%B3%87%E5%85%AC%E5%8F%B8%E7%9B%AE%E6%A8%992033%E5%B9%B4%E7%94%A25000%E8%90%AC%E9%A1%86sip%E5%85%83%E4%BB%B6-124223256.html,0.0,neutral
2026-06-01,2317.TW,鴻海,Yahoo股市-台股動態,鴻海歐洲布局再下一城 攻先進封裝與AI基礎設施,鴻海擴大歐洲布局，1日宣布兩項合作計畫，除攜手法國Radiall及Thales成立先進封裝合資公司Tessalia，目標2033年前年產逾5000萬顆系統級封裝(SiP)元件外，也與AI及高效能運算業,,https://tw.news.yahoo.com/%E9%B4%BB%E6%B5%B7%E6%AD%90%E6%B4%B2%E5%B8%83%E5%B1%80%E5%86%8D%E4%B8%8B-%E5%9F%8E-%E6%94%BB%E5%85%88%E9%80%B2%E5%B0%81%E8%A3%9D%E8%88%87ai%E5%9F%BA%E7%A4%8E%E8%A8%AD%E6%96%BD-114432705.html,0.0,neutral
2026-06-01,2317.TW,鴻海,Yahoo股市-台股動態,不當AI局外人！鴻海聯手法國政府砸42億台幣 搶進歐洲主權AI市場,鴻海宣布，與法國政府旗下高效能運算暨AI基礎建業者Bull建立合作關係，雙方將攜手生產AI與雲端基礎設施，以耕耘歐洲及全球市場需求，此項合作將結合Bull在AI系統設計、部署、市場推廣的優勢，與鴻海的,,https://tw.news.yahoo.com/%E4%B8%8D%E7%95%B6ai%E5%B1%80%E5%A4%96%E4%BA%BA-%E9%B4%BB%E6%B5%B7%E8%81%AF%E6%89%8B%E6%B3%95%E5%9C%8B%E6%94%BF%E5%BA%9C%E7%A0%B842%E5%84%84%E5%8F%B0%E5%B9%A3-%E6%90%B6%E9%80%B2%E6%AD%90%E6%B4%B2%E4%B8%BB%E6%AC%8Aai%E5%B8%82%E5%A0%B4-114300402.html,0.0,neutral
2026-06-01,2317.TW,鴻海,Yahoo股市-台股動態,〈COMPUTEX〉聯發科車用晶片報捷 天璣汽車座艙平台C-X1打進鴻華先進,聯發科 (2454-TW) 今 (1) 日宣布與鴻海 (2317-TW) 旗下的鴻華先進 (FOXTRON) 策略合作，攜手加速 AI 賦能智慧汽車的創新演進。在此次的全球長期合作之下，策略合作夥伴生,,https://tw.stock.yahoo.com/news/computex-%E8%81%AF%E7%99%BC%E7%A7%91%E8%BB%8A%E7%94%A8%E6%99%B6%E7%89%87%E5%A0%B1%E6%8D%B7-%E5%A4%A9%E7%92%A3%E6%B1%BD%E8%BB%8A%E5%BA%A7%E8%89%99%E5%B9%B3%E5%8F%B0c-x1%E6%89%93%E9%80%B2%E9%B4%BB%E8%8F%AF%E5%85%88%E9%80%B2-105527307.html,0.0,neutral
2026-06-01,2317.TW,鴻海,Yahoo股市-台股動態,鴻華先進攜手聯發科技與NVIDIA 以先進AI打造智慧行車體驗,CNEWS匯流新聞網記者謝東明、李衣綸／台北報導 聯發科技今（1）日宣布，與鴻海集團旗下的鴻華先進（FOXTRON）策略合作，攜手加速AI賦能智慧汽車的創新演進。在此次的全球長期合作之下，策略合作夥伴,,https://tw.news.yahoo.com/%E9%B4%BB%E8%8F%AF%E5%85%88%E9%80%B2%E6%94%9C%E6%89%8B%E8%81%AF%E7%99%BC%E7%A7%91%E6%8A%80%E8%88%87nvidia-%E4%BB%A5%E5%85%88%E9%80%B2ai%E6%89%93%E9%80%A0%E6%99%BA%E6%85%A7%E8%A1%8C%E8%BB%8A%E9%AB%94%E9%A9%97-100404501.html,0.0,neutral
2026-06-01,2330.TW,台積電,Yahoo股市-台股動態,輝達狂飆近4%！美股早盤走低台積電ADR漲3%,[NOWNEWS今日新聞]人工智慧晶片大廠輝達（Nvidia）1日GTCTaipei2026大會開幕，宣布進入PC處理器市場，股價上漲，但美股1日開盤震盪，標普500指數下跌0.2%、那斯達克指數下跌,,https://tw.news.yahoo.com/%E8%BC%9D%E9%81%94%E7%8B%82%E9%A3%86%E8%BF%914-%E7%BE%8E%E8%82%A1%E6%97%A9%E7%9B%A4%E9%9C%87%E7%9B%AA%E5%8F%B0%E7%A9%8D%E9%9B%BBadr%E6%BC%B23-140817378.html,0.0,neutral
2026-06-01,2330.TW,台積電,Yahoo股市-台股動態,上市公司員工薪酬台積電只排第七 這半導體廠平均薪資衝破620萬元奪冠,臺灣證券交易所公布114年度本國上市公司全體員工薪酬資訊。受惠於全球AI市場需求爆發性增長及台灣科技產業的領先技術發展，去年本國上市公司全體員工平均福利費用達169萬元，相較去年同期顯著成長6.3％；,,https://tw.news.yahoo.com/%E4%B8%8A%E5%B8%82%E5%85%AC%E5%8F%B8%E5%93%A1%E5%B7%A5%E8%96%AA%E9%85%AC%E5%8F%B0%E7%A9%8D%E9%9B%BB%E5%8F%AA%E6%8E%92%E7%AC%AC%E4%B8%83-%E9%80%99%E5%8D%8A%E5%B0%8E%E9%AB%94%E5%BB%A0%E5%B9%B3%E5%9D%87%E8%96%AA%E8%B3%87%E8%A1%9D%E7%A0%B4620%E8%90%AC%E5%85%83%E5%A5%AA%E5%86%A0-131142716.html,1.0,positive
2026-06-01,2330.TW,台積電,Yahoo股市-台股動態,台積電、QQQ賺太慢？他想靠兩招「600萬5年滾成2000萬」 內行人這樣看,[FTNN新聞網]財經中心／綜合報導受惠AI滔天商機來襲，台股與美股近期強勢噴發，不少投資人卻產生嚴重的「錯失恐懼症」（FOMO），急著想讓資產快速翻倍。一名...,,https://tw.stock.yahoo.com/news/%E5%8F%B0%E7%A9%8D%E9%9B%BB-qqq%E8%B3%BA%E5%A4%AA%E6%85%A2-%E4%BB%96%E6%83%B3%E9%9D%A0%E5%85%A9%E6%8B%9B-600%E8%90%AC5%E5%B9%B4%E6%BB%BE%E6%88%902000%E8%90%AC-%E5%85%A7%E8%A1%8C%E4%BA%BA%E9%80%99%E6%A8%A3%E7%9C%8B-130200299.html,0.0,neutral
2026-06-01,2330.TW,台積電,Yahoo股市-台股動態,台積電才排第七！上市員工薪資榜 日月光人均628萬元奪冠,證交所今（1）日公布114年度本國上市公司員工薪酬統計，員工平均薪資費用第一名不是台積電（2330），而是日月光投控（3711），每人平均628.2萬元，奪冠，護國神山僅排第七。,,https://tw.stock.yahoo.com/news/%E5%8F%B0%E7%A9%8D%E9%9B%BB%E6%89%8D%E6%8E%92%E7%AC%AC%E4%B8%83%EF%BC%81%E4%B8%8A%E5%B8%82%E5%93%A1%E5%B7%A5%E8%96%AA%E8%B3%87%E6%A6%9C-%E6%97%A5%E6%9C%88%E5%85%89%E4%BA%BA%E5%9D%87628%E8%90%AC%E5%85%83%E5%A5%AA%E5%86%A0-123611787.html,0.0,neutral
2026-06-01,2330.TW,台積電,Yahoo股市-台股動態,3巨頭聯手！輝達攜台積電聯發科打造N1X晶片「成交額合破1600億元」 黃仁勳盛讚：史上最驚艷,[FTNN新聞網]記者邱梓欣／綜合報導受惠美股上週五刷下新高，以及輝達執行長黃仁勳在台演講的消息激勵下，台股今（1）日開高走高，加權指數終場大漲604.97點，...,,https://tw.stock.yahoo.com/news/3%E5%B7%A8%E9%A0%AD%E8%81%AF%E6%89%8B-%E8%BC%9D%E9%81%94%E6%94%9C%E5%8F%B0%E7%A9%8D%E9%9B%BB%E8%81%AF%E7%99%BC%E7%A7%91%E6%89%93%E9%80%A0n1x%E6%99%B6%E7%89%87-%E6%88%90%E4%BA%A4%E9%A1%8D%E5%90%88%E7%A0%B41600%E5%84%84%E5%85%83-%E9%BB%83%E4%BB%81%E5%8B%B3%E7%9B%9B%E8%AE%9A-%E5%8F%B2%E4%B8%8A%E6%9C%80%E9%A9%9A%E8%89%B7-121500806.html,0.0,neutral
2026-06-01,2330.TW,台積電,Yahoo股市-台股動態,賣房子小賺 買台積電大賺！皇翔靠這3檔飆股比本業多賺2.6億,近年房地產推案受大環境影響，但皇翔建設卻透過投資台積電、台達電與南亞科等股票，2025年大賺約9.48億元，相較去年淨利6.81億元，投資股票比本業還賺錢。皇翔1日召開股東會，董事長廖年吉因有事不克出,,https://tw.news.yahoo.com/%E8%B3%A3%E6%88%BF%E5%AD%90%E5%B0%8F%E8%B3%BA-%E8%B2%B7%E5%8F%B0%E7%A9%8D%E9%9B%BB%E5%A4%A7%E8%B3%BA-%E7%9A%87%E7%BF%94%E9%9D%A0%E9%80%993%E6%AA%94%E9%A3%86%E8%82%A1%E6%AF%94%E6%9C%AC%E6%A5%AD%E5%A4%9A%E8%B3%BA2-6%E5%84%84-114936990.html,0.0,neutral
2026-06-01,2330.TW,台積電,Yahoo股市-台股動態,迎AI爆炸性成長需求 台積電：矽光子漸成熟將量產,今（1）日台、日、韓3國股市同步上演超級大紅盤，創下歷史新高。台股大漲604點，首度強勢站上4萬5000點大關。日經指數也是上漲604點；韓股則是狂飆312點，收在8788點。台積電參加輝達GTC暖場,,https://tw.news.yahoo.com/%E8%BF%8Eai%E7%88%86%E7%82%B8%E6%80%A7%E6%88%90%E9%95%B7%E9%9C%80%E6%B1%82-%E5%8F%B0%E7%A9%8D%E9%9B%BB-%E7%9F%BD%E5%85%89%E5%AD%90%E6%BC%B8%E6%88%90%E7%86%9F%E5%B0%87%E9%87%8F%E7%94%A2-113537775.html,1.0,positive
2026-06-01,2330.TW,台積電,Yahoo股市-台股動態,上市公司員工平均年薪145.6萬創高 台積電409萬排第7、聯發科463萬居前段班,證交所今（1）日公布114年度國內上市公司員工薪酬統計，全體上市公司平均員工薪資達145.6萬元，年增6.6%；若加計勞健保、退休金及其他福利支出，平均福利費用達169萬元，較去年成長6.3%，顯示企,,https://tw.news.yahoo.com/%E4%B8%8A%E5%B8%82%E5%85%AC%E5%8F%B8%E5%93%A1%E5%B7%A5%E5%B9%B3%E5%9D%87%E5%B9%B4%E8%96%AA145-6%E8%90%AC%E5%89%B5%E9%AB%98-%E5%8F%B0%E7%A9%8D%E9%9B%BB409%E8%90%AC%E5%85%83%E6%8E%92%E7%AC%AC7-%E8%81%AF%E7%99%BC%E7%A7%91463%E8%90%AC%E5%85%83%E5%B1%85%E5%89%8D%E6%AE%B5%E7%8F%AD-113357601.html,1.0,positive
2026-06-01,2330.TW,台積電,Yahoo股市-台股動態,徐國勇嗆「台股4萬點，年輕人沒間接受益嗎？」 民眾黨：不知人間疾苦,台股飆破4萬5千點，當賴政府不斷吹捧股市幾萬點、人均GDP超越日韓時，讓那些薪水趕不上房價、便當漲價的升斗小民感到更深的焦慮與憤怒。網路有一群年輕人抱怨：「股市4萬多點跟我有什麼關係？我又沒錢買台積電,,https://tw.news.yahoo.com/%E5%BE%90%E5%9C%8B%E5%8B%87%E5%97%86-%E5%8F%B0%E8%82%A14%E8%90%AC%E9%BB%9E-%E5%B9%B4%E8%BC%95%E4%BA%BA%E6%B2%92%E9%96%93%E6%8E%A5%E5%8F%97%E7%9B%8A%E5%97%8E-%E6%B0%91%E7%9C%BE%E9%BB%A8-%E4%B8%8D%E7%9F%A5%E4%BA%BA%E9%96%93%E7%96%BE%E8%8B%A6-113136663.html,0.0,neutral
2026-06-01,2330.TW,台積電,Yahoo股市-台股動態,AI背板股》高通點將台積電領軍 25家台廠供應鏈一次看,台北國際電腦展（COMPUTEX）主題演講開跑，高通（Qualcomm）執行長艾蒙（Cristiano Amon）擔任開幕大來賓，首秀自家供應鏈背板，將台積電擺在最顯眼位置，並一口氣點名25家台廠夥伴,,https://tw.news.yahoo.com/ai%E8%83%8C%E6%9D%BF%E8%82%A1-%E9%AB%98%E9%80%9A%E9%BB%9E%E5%B0%87%E5%8F%B0%E7%A9%8D%E9%9B%BB%E9%A0%98%E8%BB%8D-25%E5%AE%B6%E5%8F%B0%E5%BB%A0%E4%BE%9B%E6%87%89%E9%8F%88-%E6%AC%A1%E7%9C%8B-111252954.html,0.0,neutral
2026-06-01,2330.TW,台積電,Yahoo股市-台股動態,東海大學三度直播黃仁勳GTC Taipei演講 東海緊鄰台積電登黃仁勳演講背板全校嗨翻,面對全球生成式AI浪潮快速崛起，東海大學1日連續第三年同步連線直播NVIDIA（輝達）創辦人暨執行長黃仁勳的主題演講。本次演講聚焦於代理與推理AI、科學領域AI、物理AI與機器人技術等前沿發展，東海大,,https://tw.news.yahoo.com/%E6%9D%B1%E6%B5%B7%E5%A4%A7%E5%AD%B8%E4%B8%89%E5%BA%A6%E7%9B%B4%E6%92%AD%E9%BB%83%E4%BB%81%E5%8B%B3gtc-taipei%E6%BC%94%E8%AC%9B-%E6%9D%B1%E6%B5%B7%E7%B7%8A%E9%84%B0%E5%8F%B0%E7%A9%8D%E9%9B%BB%E7%99%BB%E9%BB%83%E4%BB%81%E5%8B%B3%E6%BC%94%E8%AC%9B%E8%83%8C%E6%9D%BF%E5%85%A8%E6%A0%A1%E5%97%A8%E7%BF%BB-103344120.html,0.0,neutral
2026-06-01,2330.TW,台積電,Yahoo股市-台股動態,李珠珢熱舞被封「舞蹈界台積電」李雅英卻被罵翻,娛樂中心／邱于芳報導富邦悍將啦啦隊韓籍成員的球場應援身影，經常成為全場焦點。然而「AI女神」李珠珢日前在大巨蛋進行中場表演時，上半身穿著白色細肩帶小可愛、下半身搭配短褲登場，活力四射、清純可愛的演出獲,,https://tw.news.yahoo.com/%E6%9D%8E%E7%8F%A0%E7%8F%A2%E7%86%B1%E8%88%9E%E8%A2%AB%E5%B0%81-%E8%88%9E%E8%B9%88%E7%95%8C%E5%8F%B0%E7%A9%8D%E9%9B%BB-%E6%9D%8E%E9%9B%85%E8%8B%B1%E5%8D%BB%E8%A2%AB%E7%BD%B5%E7%BF%BB-102958022.html,0.0,neutral
2026-06-01,2330.TW,台積電,Yahoo股市-台股動態,「熊本的台灣化」旅日10年專家談台積電率171家台企進駐「熱度愈高副作用愈大」,台積電（2330）近來員工分紅吵得沸沸揚揚，一部份人擔心海外設廠效應是否已開始影響國內員工職場。而一位駐日10年資深特派員福澤喬刋載在銀行家月刋5月號的文章《從熊本出發的半導體新地圖》，則提到台積電熊,,https://tw.stock.yahoo.com/news/%E3%80%8C%E7%86%8A%E6%9C%AC%E7%9A%84%E5%8F%B0%E7%81%A3%E5%8C%96%E3%80%8D%E6%97%85%E6%97%A510%E5%B9%B4%E5%B0%88%E5%AE%B6%E8%AB%87%E5%8F%B0%E7%A9%8D%E9%9B%BB%E7%8E%87171%E5%AE%B6%E5%8F%B0%E4%BC%81%E9%80%B2%E9%A7%90%E3%80%8C%E7%86%B1%E5%BA%A6%E6%84%88%E9%AB%98%E5%89%AF%E4%BD%9C%E7%94%A8%E6%84%88%E5%A4%A7%E3%80%8D-102819426.html,0.0,neutral
2026-06-01,2330.TW,台積電,Yahoo股市-台股動態,「攻擊我興趣怪怪的」沈伯洋坦言「我很宅」：砸數十萬課金手遊除以12個月沒多少 示範「完美月光歐印台積電」：存款不用太多,民進黨台北市長參選人沈伯洋為了選市長貸款200萬元，因為買台積電股票，存款只剩18萬。沈伯洋又自爆在手遊「課金」幾十萬元，花錢花到被太太罵，還說「這算小額的」，引發質疑。對此，沈伯洋坦言，「我很宅！」,,https://tw.news.yahoo.com/%E6%94%BB%E6%93%8A%E6%88%91%E8%88%88%E8%B6%A3%E6%80%AA%E6%80%AA%E7%9A%84-%E6%B2%88%E4%BC%AF%E6%B4%8B%E5%9D%A6%E8%A8%80-%E6%88%91%E5%BE%88%E5%AE%85-%E7%A0%B8%E6%95%B8%E5%8D%81%E8%90%AC%E8%AA%B2%E9%87%91%E6%89%8B%E9%81%8A%E9%99%A4%E4%BB%A512%E5%80%8B%E6%9C%88%E6%B2%92%E5%A4%9A%E5%B0%91-%E7%A4%BA%E7%AF%84-102634043.html,0.0,neutral
2026-06-01,2330.TW,台積電,Yahoo股市-台股動態,明天若崩盤也要死抱？外媒揭「台積電超狂防火關鍵」：我願ALL IN,財經中心／綜合報導美股近期在AI熱潮帶動下持續創高，不過隨著估值不斷攀升，市場也開始擔憂是否重演過去科技股泡沫劇本。儘管如此，美國財經媒體《Motley Fool》專欄作家戴夫．科瓦萊斯基（Dave,,https://tw.stock.yahoo.com/news/%E6%98%8E%E5%A4%A9%E8%8B%A5%E5%B4%A9%E7%9B%A4%E4%B9%9F%E8%A6%81%E6%AD%BB%E6%8A%B1-%E5%A4%96%E5%AA%92%E6%8F%AD-%E5%8F%B0%E7%A9%8D%E9%9B%BB%E8%B6%85%E7%8B%82%E9%98%B2%E7%81%AB%E9%97%9C%E9%8D%B5-%E6%88%91%E9%A1%98all-094140167.html,1.0,positive
2026-06-01,2330.TW,台積電,Yahoo股市-台股動態,東海緊鄰台積電登上黃仁勳演講背板 連三年直播GTC 打造中部最大AI觀測站,（觀傳媒中彰投新聞）【記者廖妙茜/台中報導】面對全球生成式AI浪潮的快速崛起，東海大學持續深化AI教育布局！今 […],,https://tw.news.yahoo.com/%E6%9D%B1%E6%B5%B7%E7%B7%8A%E9%84%B0%E5%8F%B0%E7%A9%8D%E9%9B%BB%E7%99%BB%E4%B8%8A%E9%BB%83%E4%BB%81%E5%8B%B3%E6%BC%94%E8%AC%9B%E8%83%8C%E6%9D%BF-%E9%80%A3%E4%B8%89%E5%B9%B4%E7%9B%B4%E6%92%ADgtc-%E6%89%93%E9%80%A0%E4%B8%AD%E9%83%A8%E6%9C%80%E5%A4%A7ai%E8%A7%80%E6%B8%AC%E7%AB%99-093648441.html,0.0,neutral
2026-06-01,2408.TW,南亞科,Yahoo股市-台股動態,賣房子小賺 買台積電大賺！皇翔靠這3檔飆股比本業多賺2.6億,近年房地產推案受大環境影響，但皇翔建設卻透過投資台積電、台達電與南亞科等股票，2025年大賺約9.48億元，相較去年淨利6.81億元，投資股票比本業還賺錢。皇翔1日召開股東會，董事長廖年吉因有事不克出,,https://tw.news.yahoo.com/%E8%B3%A3%E6%88%BF%E5%AD%90%E5%B0%8F%E8%B3%BA-%E8%B2%B7%E5%8F%B0%E7%A9%8D%E9%9B%BB%E5%A4%A7%E8%B3%BA-%E7%9A%87%E7%BF%94%E9%9D%A0%E9%80%993%E6%AA%94%E9%A3%86%E8%82%A1%E6%AF%94%E6%9C%AC%E6%A5%AD%E5%A4%9A%E8%B3%BA2-6%E5%84%84-114936990.html,0.0,neutral
2026-06-01,2409.TW,友達,中央社-產經證券,外資買超368億 加碼主動統一升級50達11萬張,（中央社記者潘智義台北1日電）在AI概念股領軍下，台股今天續創新高，外資買超新台幣368.02億元，買超主動統一升級50（00403A）11萬1082張居冠，群創8萬703張第2；賣超第1名則是力積電15萬8205張、友達11萬354張居次。,,https://www.cna.com.tw/news/afe/202606010305.aspx,0.5,positive
2026-06-01,2454.TW,聯發科,Yahoo股市-台股動態,[Computex 2026] 鴻華先進攜聯發科技、NVIDIA策略合作！導入天璣汽車C-X1平台打造AI智慧座艙,聯發科技今日宣布與鴻海集團旗下的鴻華先進（FOXTRON）策略合作，攜手加速AI賦能智慧汽車的創新演進。在此次的全球長期合作之下，策略合作夥伴生態系之高階車種將導入整合NVIDIA先進GPU與AI技術,,https://autos.yahoo.com.tw/news/computex-2026-%E9%B4%BB%E8%8F%AF%E5%85%88%E9%80%B2%E6%94%9C%E8%81%AF%E7%99%BC%E7%A7%91%E6%8A%80%E3%80%81nvidia%E7%AD%96%E7%95%A5%E5%90%88%E4%BD%9C%EF%BC%81%E5%B0%8E%E5%85%A5%E5%A4%A9%E7%92%A3%E6%B1%BD%E8%BB%8Ac-x1%E5%B9%B3%E5%8F%B0%E6%89%93%E9%80%A0ai%E6%99%BA%E6%85%A7%E5%BA%A7%E8%89%99-125225076.html,0.0,neutral
2026-06-01,2454.TW,聯發科,Yahoo股市-台股動態,3巨頭聯手！輝達攜台積電聯發科打造N1X晶片「成交額合破1600億元」 黃仁勳盛讚：史上最驚艷,[FTNN新聞網]記者邱梓欣／綜合報導受惠美股上週五刷下新高，以及輝達執行長黃仁勳在台演講的消息激勵下，台股今（1）日開高走高，加權指數終場大漲604.97點，...,,https://tw.stock.yahoo.com/news/3%E5%B7%A8%E9%A0%AD%E8%81%AF%E6%89%8B-%E8%BC%9D%E9%81%94%E6%94%9C%E5%8F%B0%E7%A9%8D%E9%9B%BB%E8%81%AF%E7%99%BC%E7%A7%91%E6%89%93%E9%80%A0n1x%E6%99%B6%E7%89%87-%E6%88%90%E4%BA%A4%E9%A1%8D%E5%90%88%E7%A0%B41600%E5%84%84%E5%85%83-%E9%BB%83%E4%BB%81%E5%8B%B3%E7%9B%9B%E8%AE%9A-%E5%8F%B2%E4%B8%8A%E6%9C%80%E9%A9%9A%E8%89%B7-121500806.html,0.0,neutral
2026-06-01,2454.TW,聯發科,Yahoo股市-台股動態,上市公司員工平均年薪145.6萬創高 台積電409萬排第7、聯發科463萬居前段班,證交所今（1）日公布114年度國內上市公司員工薪酬統計，全體上市公司平均員工薪資達145.6萬元，年增6.6%；若加計勞健保、退休金及其他福利支出，平均福利費用達169萬元，較去年成長6.3%，顯示企,,https://tw.news.yahoo.com/%E4%B8%8A%E5%B8%82%E5%85%AC%E5%8F%B8%E5%93%A1%E5%B7%A5%E5%B9%B3%E5%9D%87%E5%B9%B4%E8%96%AA145-6%E8%90%AC%E5%89%B5%E9%AB%98-%E5%8F%B0%E7%A9%8D%E9%9B%BB409%E8%90%AC%E5%85%83%E6%8E%92%E7%AC%AC7-%E8%81%AF%E7%99%BC%E7%A7%91463%E8%90%AC%E5%85%83%E5%B1%85%E5%89%8D%E6%AE%B5%E7%8F%AD-113357601.html,1.0,positive
2026-06-01,2454.TW,聯發科,Yahoo股市-台股動態,〈COMPUTEX〉聯發科車用晶片報捷 天璣汽車座艙平台C-X1打進鴻華先進,聯發科 (2454-TW) 今 (1) 日宣布與鴻海 (2317-TW) 旗下的鴻華先進 (FOXTRON) 策略合作，攜手加速 AI 賦能智慧汽車的創新演進。在此次的全球長期合作之下，策略合作夥伴生,,https://tw.stock.yahoo.com/news/computex-%E8%81%AF%E7%99%BC%E7%A7%91%E8%BB%8A%E7%94%A8%E6%99%B6%E7%89%87%E5%A0%B1%E6%8D%B7-%E5%A4%A9%E7%92%A3%E6%B1%BD%E8%BB%8A%E5%BA%A7%E8%89%99%E5%B9%B3%E5%8F%B0c-x1%E6%89%93%E9%80%B2%E9%B4%BB%E8%8F%AF%E5%85%88%E9%80%B2-105527307.html,0.0,neutral
2026-06-01,2454.TW,聯發科,Yahoo股市-台股動態,鴻華先進攜手聯發科技與NVIDIA 以先進AI打造智慧行車體驗,CNEWS匯流新聞網記者謝東明、李衣綸／台北報導 聯發科技今（1）日宣布，與鴻海集團旗下的鴻華先進（FOXTRON）策略合作，攜手加速AI賦能智慧汽車的創新演進。在此次的全球長期合作之下，策略合作夥伴,,https://tw.news.yahoo.com/%E9%B4%BB%E8%8F%AF%E5%85%88%E9%80%B2%E6%94%9C%E6%89%8B%E8%81%AF%E7%99%BC%E7%A7%91%E6%8A%80%E8%88%87nvidia-%E4%BB%A5%E5%85%88%E9%80%B2ai%E6%89%93%E9%80%A0%E6%99%BA%E6%85%A7%E8%A1%8C%E8%BB%8A%E9%AB%94%E9%A9%97-100404501.html,0.0,neutral
2026-06-01,2454.TW,聯發科,Yahoo股市-台股動態,黃仁勳剛發表！聯發科展區搶先直擊「N1X」 筆電真機近距離照片曝,AI PC戰火升溫。輝達執行長黃仁勳今（1）日在台北流行音樂中心舉行GTC Taipei 2026主題演講，正式揭曉與聯發科共同開發的新一代晶片「N1X」，並同步發表RTX Spark平台與全新AI,,https://tw.stock.yahoo.com/news/%E9%BB%83%E4%BB%81%E5%8B%B3%E5%89%9B%E7%99%BC%E8%A1%A8-%E8%81%AF%E7%99%BC%E7%A7%91%E5%B1%95%E5%8D%80%E6%90%B6%E5%85%88%E7%9B%B4%E6%93%8A-n1x-%E7%AD%86%E9%9B%BB%E7%9C%9F%E6%A9%9F%E8%BF%91%E8%B7%9D%E9%9B%A2%E7%85%A7%E7%89%87%E6%9B%9D-094757764.html,0.0,neutral
2026-06-01,2454.TW,聯發科,Yahoo股市-台股動態,聯發科Computex端AI大菜！攜手輝達秀肌肉 展覽5大亮點搶先看,IC設計龍頭聯發科（2454）今年以「AI Without Limits」為主題參展Computex 2026，展出從邊緣端到雲端的完整AI布局。《Yahoo股市》整理此次展會五大亮點，不僅攜手輝達（,,https://tw.stock.yahoo.com/news/%E8%81%AF%E7%99%BC%E7%A7%91computex%E7%AB%AFai%E5%A4%A7%E8%8F%9C%EF%BC%81%E6%94%9C%E6%89%8B%E8%BC%9D%E9%81%94%E7%A7%80%E8%82%8C%E8%82%89-%E5%B1%95%E8%A6%BD5%E5%A4%A7%E4%BA%AE%E9%BB%9E%E6%90%B6%E5%85%88%E7%9C%8B-094521525.html,0.0,neutral
2026-06-01,2454.TW,聯發科,Yahoo股市-台股動態,重磅！NVIDIA、聯發科齊手搶 PC 搶市佔 高通回應了,【緯來新聞網】NVIDIA 今（1）日在 2026 COMPUTEX 開展前一天，正式宣布進軍 PC,,https://tw.news.yahoo.com/%E9%87%8D%E7%A3%85-nvidia-%E8%81%AF%E7%99%BC%E7%A7%91%E9%BD%8A%E6%89%8B%E6%90%B6-pc-%E6%90%B6%E5%B8%82%E4%BD%94-093900731.html,0.0,neutral
2026-06-01,2454.TW,聯發科,Yahoo股市-台股動態,AI PC真的來了！黃仁勳亮相「RTX Spark」 攜手聯發科重塑PC產業：AI代理將進駐每台電腦,輝達（NVIDIA）創辦人暨執行長黃仁勳今（1）日在GTC Taiwan主題演講中宣布，NVIDIA將與微軟（Microsoft）共同重塑PC，並推出RTX Spark新平台，讓AI代理進入個人電腦。,,https://tw.news.yahoo.com/ai-pc%E7%9C%9F%E7%9A%84%E4%BE%86%E4%BA%86-%E9%BB%83%E4%BB%81%E5%8B%B3%E4%BA%AE%E7%9B%B8-rtx-spark-093239782.html,0.0,neutral
2026-06-01,2468.TW,華經,Yahoo股市-台股動態,AI帶動PMI連八擴 台股衝四萬五過熱？連賢明示警「修正比預期快」,AI產業帶動，景氣持續暢旺！中華經濟研究院今（6/1）日發布5月製造業採購經理人指數（PMI）來到61.4%，上揚1.1個百分點，連續8個月擴張，續創2021年9月以來最快擴張速度。只是AI也帶動台股,,https://tw.news.yahoo.com/ai%E5%B8%B6%E5%8B%95pmi%E9%80%A3%E5%85%AB%E6%93%B4-%E5%8F%B0%E8%82%A1%E8%A1%9D%E5%9B%9B%E8%90%AC%E4%BA%94%E9%81%8E%E7%86%B1-%E9%80%A3%E8%B3%A2%E6%98%8E%E7%A4%BA%E8%AD%A6-%E4%BF%AE%E6%AD%A3%E6%AF%94%E9%A0%90%E6%9C%9F%E5%BF%AB-104659953.html,0.0,neutral
2026-06-01,2504.TW,國產,中央社-產經證券,南澳海蝕洞意外頻傳 國產署：已公告禁止違法營利,（中央社記者呂晏慈台北1日電）宜蘭縣南澳鄉神秘沙灘海蝕洞遊客意外頻傳，針對媒體報導，宜蘭縣府建議設立告示牌，並予以相應處罰，財政部國產署今天說明，民國111年已設立告示牌，禁止沙灘車違法營利，若違規應由各目的事業主管機關依法處理。,,https://www.cna.com.tw/news/afe/202606010297.aspx,0.0,neutral
2026-06-01,2545.TW,皇翔,Yahoo股市-台股動態,賣房子小賺 買台積電大賺！皇翔靠這3檔飆股比本業多賺2.6億,近年房地產推案受大環境影響，但皇翔建設卻透過投資台積電、台達電與南亞科等股票，2025年大賺約9.48億元，相較去年淨利6.81億元，投資股票比本業還賺錢。皇翔1日召開股東會，董事長廖年吉因有事不克出,,https://tw.news.yahoo.com/%E8%B3%A3%E6%88%BF%E5%AD%90%E5%B0%8F%E8%B3%BA-%E8%B2%B7%E5%8F%B0%E7%A9%8D%E9%9B%BB%E5%A4%A7%E8%B3%BA-%E7%9A%87%E7%BF%94%E9%9D%A0%E9%80%993%E6%AA%94%E9%A3%86%E8%82%A1%E6%AF%94%E6%9C%AC%E6%A5%AD%E5%A4%9A%E8%B3%BA2-6%E5%84%84-114936990.html,0.0,neutral
2026-06-01,2609.TW,陽明,Yahoo股市-最新新聞,【2025上市最薪酸】5家員工平均薪資「少領破百萬元」！ 陽明也入列衰退前十大,證交所今（1）日公布最新上市公司員工平均薪資，除了低薪企業受到關注外，原本領高薪、去年卻面臨「薪酬大洗牌」的企業也備受市場矚目。在這次的統計中，總共有 5 家企業的員工平均薪資，比前一年足足大減了超過,,https://tw.stock.yahoo.com/news/%E3%80%902025%E4%B8%8A%E5%B8%82%E6%9C%80%E8%96%AA%E9%85%B8%E3%80%915%E5%AE%B6%E5%93%A1%E5%B7%A5%E5%B9%B3%E5%9D%87%E8%96%AA%E8%B3%87%E3%80%8C%E5%B0%91%E9%A0%98%E7%A0%B4%E7%99%BE%E8%90%AC%E5%85%83%E3%80%8D%EF%BC%81-%E9%99%BD%E6%98%8E%E4%B9%9F%E5%85%A5%E5%88%97%E8%A1%B0%E9%80%80%E5%89%8D%E5%8D%81%E5%A4%A7-144215307.html,-1.0,negative
2026-06-01,2889.TW,國票金,Yahoo股市-最新新聞,國票證券遭檢調搜索 業者發重訊證實了：全力配合調查,即時中心／徐子為報導國票金控（2889）旗下國票綜合證券，今（1）日晚間發布重大訊息公告，證實臺灣新北地方檢察署今天至該公司搜索，公司已全力配合檢調單位調查。,,https://tw.stock.yahoo.com/news/%E5%9C%8B%E7%A5%A8%E8%AD%89%E5%88%B8%E9%81%AD%E6%AA%A2%E8%AA%BF%E6%90%9C%E7%B4%A2-%E6%A5%AD%E8%80%85%E7%99%BC%E9%87%8D%E8%A8%8A%E8%AD%89%E5%AF%A6%E4%BA%86-%E5%85%A8%E5%8A%9B%E9%85%8D%E5%90%88%E8%AA%BF%E6%9F%A5-132357877.html,0.0,neutral
2026-06-01,3481.TW,群創,中央社-產經證券,外資買超368億 加碼主動統一升級50達11萬張,（中央社記者潘智義台北1日電）在AI概念股領軍下，台股今天續創新高，外資買超新台幣368.02億元，買超主動統一升級50（00403A）11萬1082張居冠，群創8萬703張第2；賣超第1名則是力積電15萬8205張、友達11萬354張居次。,,https://www.cna.com.tw/news/afe/202606010305.aspx,0.5,positive
2026-06-01,3711.TW,日月光投控,Yahoo股市-台股動態,台積電才排第七！上市員工薪資榜 日月光人均628萬元奪冠,證交所今（1）日公布114年度本國上市公司員工薪酬統計，員工平均薪資費用第一名不是台積電（2330），而是日月光投控（3711），每人平均628.2萬元，奪冠，護國神山僅排第七。,,https://tw.stock.yahoo.com/news/%E5%8F%B0%E7%A9%8D%E9%9B%BB%E6%89%8D%E6%8E%92%E7%AC%AC%E4%B8%83%EF%BC%81%E4%B8%8A%E5%B8%82%E5%93%A1%E5%B7%A5%E8%96%AA%E8%B3%87%E6%A6%9C-%E6%97%A5%E6%9C%88%E5%85%89%E4%BA%BA%E5%9D%87628%E8%90%AC%E5%85%83%E5%A5%AA%E5%86%A0-123611787.html,0.0,neutral
2026-06-01,3711.TW,日月光投控,Yahoo股市-最新新聞,AI爆發助攻！上市公司平均薪資145萬、6成有加薪 日月光投控628萬奪冠,台股多頭行情大爆發，臺灣證券交易所今 (1) 日公布 2025 年度本國上市公司全體員工薪酬，受惠於全球 AI 市場需求呈爆發性增長，以及台灣科技產業的領先技術優勢，去年本國上市公司全體員工平均福利費,,https://tw.stock.yahoo.com/news/ai%E7%88%86%E7%99%BC%E5%8A%A9%E6%94%BB-%E4%B8%8A%E5%B8%82%E5%85%AC%E5%8F%B8%E5%B9%B3%E5%9D%87%E8%96%AA%E8%B3%87145%E8%90%AC-6%E6%88%90%E6%9C%89%E5%8A%A0%E8%96%AA-%E6%97%A5%E6%9C%88%E5%85%89%E6%8A%95%E6%8E%A7628%E8%90%AC%E5%A5%AA%E5%86%A0-125333840.html,0.0,neutral
2026-06-01,4958.TW,臻鼎-KY,中央社-產經證券,臻鼎加入輝達MGX生態系 加速布局AI運算,（中央社記者江明晏台北1日電）全球PCB廠臻鼎-KY今天宣布加入NVIDIA MGX生態系，攜手發展次世代加速運算基礎設施，展現臻鼎高階PCB技術能力，也逐步深化在全球AI運算供應鏈中的關鍵角色。,,https://www.cna.com.tw/news/afe/202606010289.aspx,0.0,neutral
2026-06-01,5274.TWO,信驊,中央社-產經證券,上櫃員工年薪排行出爐 股王信驊593萬元居冠,（中央社記者何秀玲台北1日電）櫃買中心公布2025年上櫃公司員工薪酬統計，平均員工薪資費用前5名依序為股王信驊、斐成、鈊象、全心投控及原相。,,https://www.cna.com.tw/news/afe/202606010316.aspx,0.0,neutral
2026-06-01,MARKET,市場,Yahoo股市-台股動態,黃仁勳演講不敵美伊局勢?美股四大指數黑一片 微軟輝達逆勢上漲、台股ADR也勁揚,[FTNN新聞網]記者王凱暄／綜合報導美伊局勢仍詭譎，在雙方都稱談判即將談成之際，仍有零星戰火發生，據傳伊朗方又因以色列持續對黎巴嫩採取軍事行動而不滿，...,,https://tw.stock.yahoo.com/news/%E9%BB%83%E4%BB%81%E5%8B%B3%E6%BC%94%E8%AC%9B%E4%B8%8D%E6%95%B5%E7%BE%8E%E4%BC%8A%E5%B1%80%E5%8B%A2-%E7%BE%8E%E8%82%A1%E5%9B%9B%E5%A4%A7%E6%8C%87%E6%95%B8%E9%BB%91-%E7%89%87-%E5%BE%AE%E8%BB%9F%E8%BC%9D%E9%81%94%E9%80%86%E5%8B%A2%E4%B8%8A%E6%BC%B2-%E5%8F%B0%E8%82%A1adr%E4%B9%9F%E5%8B%81%E6%8F%9A-142200377.html,0.0,neutral
2026-06-01,MARKET,市場,Yahoo股市-台股動態,台股衝破4萬5創新高 貿協黃志芳：台灣領銜全球產業轉型,COMPUTEX年度科技盛事本週登場助勢下，台股今（1日）衝破4萬5，創歷史新高。COMPUTEX主辦方外貿協會董事長黃志芳表示，台灣領銜著全球產業轉型，COMPUTEX是台灣硬體製造韌性與全球軟體生,,https://tw.news.yahoo.com/%E5%8F%B0%E8%82%A1%E8%A1%9D%E7%A0%B44%E8%90%AC5%E5%89%B5%E6%96%B0%E9%AB%98-%E8%B2%BF%E5%8D%94%E9%BB%83%E5%BF%97%E8%8A%B3-%E5%8F%B0%E7%81%A3%E9%A0%98%E9%8A%9C%E5%85%A8%E7%90%83%E7%94%A2%E6%A5%AD%E8%BD%89%E5%9E%8B-140040512.html,1.0,positive
2026-06-01,MARKET,市場,Yahoo股市-台股動態,台股攻頂後隱憂浮現？ 防禦型資產受矚 短債ETF 00988B配息出爐,近期台股市場表現強勁，屢創新高，然而在投資人享受資產增值的同時，對於市場是否過熱、未來是否面臨回檔或泡沫化的隱 […],,https://tw.news.yahoo.com/%E5%8F%B0%E8%82%A1%E6%94%BB%E9%A0%82%E5%BE%8C%E9%9A%B1%E6%86%82%E6%B5%AE%E7%8F%BE-%E9%98%B2%E7%A6%A6%E5%9E%8B%E8%B3%87%E7%94%A2%E5%8F%97%E7%9F%9A-%E7%9F%AD%E5%82%B5etf-00988b%E9%85%8D%E6%81%AF%E5%87%BA%E7%88%90-134906828.html,1.0,positive
2026-06-01,MARKET,市場,Yahoo股市-台股動態,黃仁勳發威台股狂噴！胡采蘋見「這1檔」意外漲停傻了,財經中心／周孟漢報導輝達（NVIDIA）共同創辦人暨執行長黃仁勳在今（1）日的「GTC Taipei 2026大會」發表主題演講，不僅揭開最新技術，還大秀最新 AIPC ，市場隨即掀起「仁來瘋」，不僅,,https://tw.stock.yahoo.com/news/%E9%BB%83%E4%BB%81%E5%8B%B3%E7%99%BC%E5%A8%81%E5%8F%B0%E8%82%A1%E7%8B%82%E5%99%B4-%E8%83%A1%E9%87%87%E8%98%8B%E8%A6%8B-%E9%80%991%E6%AA%94-%E6%84%8F%E5%A4%96%E6%BC%B2%E5%81%9C%E5%82%BB%E4%BA%86-130120782.html,1.0,positive
2026-06-01,MARKET,市場,Yahoo股市-台股動態,AI、PC族群領軍 台股站穩4萬5大關,記者陳建興∕台北報導 ＡＩ族群升溫，ＰＣ類股表現強勢，台股一日開高走高，盤中漲近一千…,,https://tw.news.yahoo.com/ai-pc%E6%97%8F%E7%BE%A4%E9%A0%98%E8%BB%8D-%E5%8F%B0%E8%82%A1%E7%AB%99%E7%A9%A94%E8%90%AC5%E5%A4%A7%E9%97%9C-125116136.html,0.0,neutral
2026-06-01,MARKET,市場,Yahoo股市-台股動態,台股5月日均量飆破1.3兆 立院拍板財政部稅入增列6千億,記者陳建興∕台北報導 立委指出，股市交易熱絡，五月每日平均交易金額已達一點三兆元，證…,,https://tw.news.yahoo.com/%E5%8F%B0%E8%82%A15%E6%9C%88%E6%97%A5%E5%9D%87%E9%87%8F%E9%A3%86%E7%A0%B41-3%E5%85%86-%E7%AB%8B%E9%99%A2%E6%8B%8D%E6%9D%BF%E8%B2%A1%E6%94%BF%E9%83%A8%E7%A8%85%E5%85%A5%E5%A2%9E%E5%88%976%E5%8D%83%E5%84%84-125023882.html,0.0,neutral
2026-06-01,MARKET,市場,Yahoo股市-台股動態,沒買台股少賺幾千萬？他崩潰「都在養有錢人」網掀論戰,財經中心／周孟漢報導近年來台股市場表現亮眼，屢屢刷新歷史新高，這波「全民皆股」的瘋狗浪也讓不少沒開戶的民眾產生嚴重的財富焦慮。近日一名網友在 Dcard 發文感嘆，認為那些至今完全沒有買股票的人，整個,,https://tw.stock.yahoo.com/news/%E6%B2%92%E8%B2%B7%E5%8F%B0%E8%82%A1%E5%B0%91%E8%B3%BA%E5%B9%BE%E5%8D%83%E8%90%AC-%E4%BB%96%E5%B4%A9%E6%BD%B0-%E9%83%BD%E5%9C%A8%E9%A4%8A%E6%9C%89%E9%8C%A2%E4%BA%BA-%E7%B6%B2%E6%8E%80%E8%AB%96%E6%88%B0-122145619.html,0.0,neutral
2026-06-01,MARKET,市場,Yahoo股市-台股動態,台股站上45000點 中經院：留意修正風險,（中央社記者潘姿羽台北2026年06月1日電）AI題材大爆發，台股多頭氣勢如虹，突破45000點關卡。外界關注台股是否過熱，中經院院長連賢明表示，金融市場是否過熱算是常態問題，目前難以判斷，但須留意過,,https://tw.stock.yahoo.com/news/%E5%8F%B0%E8%82%A1%E7%AB%99%E4%B8%8A45000%E9%BB%9E-%E4%B8%AD%E7%B6%93%E9%99%A2-%E7%95%99%E6%84%8F%E4%BF%AE%E6%AD%A3%E9%A2%A8%E9%9A%AA-121513055.html,1.0,positive
2026-06-01,MARKET,市場,Yahoo股市-台股動態,台股衝上4萬5創高還能繼續追？狄驤自曝「已賣3成持股」：過熱指標全數亮燈,輝達執行長黃仁勳今（1）日在GTC Taipei主題演講中公布AI PC消息，激勵市場投資信心，台股迎重大利多，早盤勁揚逾千點，首度站上45000點大關，最終收在45337點，創下歷史紀錄。對此，財經,,https://tw.news.yahoo.com/%E5%8F%B0%E8%82%A1%E8%A1%9D%E4%B8%8A4%E8%90%AC5%E5%89%B5%E9%AB%98%E9%82%84%E8%83%BD%E7%B9%BC%E7%BA%8C%E8%BF%BD-%E7%8B%84%E9%A9%A4%E8%87%AA%E6%9B%9D-%E5%B7%B2%E8%B3%A33%E6%88%90%E6%8C%81%E8%82%A1-%E9%81%8E%E7%86%B1%E6%8C%87%E6%A8%99%E5%85%A8%E6%95%B8%E4%BA%AE%E7%87%88-114859698.html,1.0,positive
2026-06-01,MARKET,市場,Yahoo股市-台股動態,慶祝台股破4萬點！ 羅明才今送400份雞排珍奶太陽餅,社會中心／綜合報導台股今年屢創新高，為了慶祝台股破4萬點，國民黨立委羅明才今天（6/1）中午在立法院，免費發放吃400份雞排、珍奶和太陽餅。有人最早7點就來現場排隊，還沒到11點就已經排了長長人龍。羅,,https://tw.news.yahoo.com/%E6%85%B6%E7%A5%9D%E5%8F%B0%E8%82%A1%E7%A0%B44%E8%90%AC%E9%BB%9E-%E7%BE%85%E6%98%8E%E6%89%8D%E4%BB%8A%E9%80%81400%E4%BB%BD%E9%9B%9E%E6%8E%92%E7%8F%8D%E5%A5%B6%E5%A4%AA%E9%99%BD%E9%A4%85-114503001.html,1.0,positive
2026-06-01,MARKET,市場,Yahoo股市-台股動態,黃仁勳助攻台股！專家示警「1事」是財富殺手：比買在高點還可怕,台股近來受到AI題材影響表現強勁，輝達（NVIDIA）創辦人暨執行長黃仁勳今（1）日在台演講，更激勵台股站穩4萬5大關，但也有不少人擔心股市修正回檔，這時投資會害資產縮水，只能不斷觀望。對此，國外理財,,https://tw.news.yahoo.com/%E9%BB%83%E4%BB%81%E5%8B%B3%E5%8A%A9%E6%94%BB%E5%8F%B0%E8%82%A1-%E5%B0%88%E5%AE%B6%E7%A4%BA%E8%AD%A6-1%E4%BA%8B-%E6%98%AF%E8%B2%A1%E5%AF%8C%E6%AE%BA%E6%89%8B-%E6%AF%94%E8%B2%B7%E5%9C%A8%E9%AB%98%E9%BB%9E%E9%82%84%E5%8F%AF%E6%80%95-114100158.html,1.0,positive
2026-06-01,MARKET,市場,Yahoo股市-台股動態,台股新增10檔「關禁閉」！力積電入列 處置至6月15日,台股1日衝破4萬5創新高，劇烈短線漲勢也同樣再度引發證交所與櫃買中心關注，1日又一口氣宣布新增10檔處置股，包括半導體族群的力積電（6770）、麗正（2302）和專注工控自動化的安馳（3528）三檔上,,https://tw.news.yahoo.com/%E5%8F%B0%E8%82%A1%E6%96%B0%E5%A2%9E10%E6%AA%94-%E9%97%9C%E7%A6%81%E9%96%89-%E5%8A%9B%E7%A9%8D%E9%9B%BB%E5%85%A5%E5%88%97-%E8%99%95%E7%BD%AE%E8%87%B36%E6%9C%8815%E6%97%A5-104500644.html,1.0,positive
2026-06-01,MARKET,市場,Yahoo股市-台股動態,台股創高、熱錢簇擁！新台幣一度見31.2字頭 寫3個月新高,台北國際電腦展（COMPUTEX）登場在即，AI題材持續發酵，帶動台股今日開高走高，大盤指數再創新高。在台股多頭氣盛與外資持續匯入下，新台幣兌美元匯率盤中一度攻破31.3元關卡、最高驚現31.2字頭，,,https://tw.news.yahoo.com/%E5%8F%B0%E8%82%A1%E5%89%B5%E9%AB%98-%E7%86%B1%E9%8C%A2%E7%B0%87%E6%93%81-%E6%96%B0%E5%8F%B0%E5%B9%A3-%E5%BA%A6%E8%A6%8B31-2%E5%AD%97%E9%A0%AD-104351752.html,1.0,positive
2026-06-01,MARKET,市場,Yahoo股市-台股動態,台股創高帶旺房市！全台5月交易量回升12% 新竹、台南年增最猛,財經中心／王駿凱報導AI熱潮推升出口與科技產業表現，台灣景氣燈號連4紅，台股也不斷刷新歷史高點，資金熱度逐漸外溢至房市。永慶房產集團統計顯示，今年5月全台房市交易量較4月增加12%，買氣明顯回溫。,,https://tw.stock.yahoo.com/news/%E5%8F%B0%E8%82%A1%E5%89%B5%E9%AB%98%E5%B8%B6%E6%97%BA%E6%88%BF%E5%B8%82-%E5%85%A8%E5%8F%B05%E6%9C%88%E4%BA%A4%E6%98%93%E9%87%8F%E5%9B%9E%E5%8D%8712-%E6%96%B0%E7%AB%B9-%E5%8F%B0%E5%8D%97%E5%B9%B4%E5%A2%9E%E6%9C%80%E7%8C%9B-104210557.html,1.0,positive
2026-06-01,MARKET,市場,Yahoo股市-台股動態,電腦展本週登場AI題材旺 台股大漲600點收4萬5創新高,【記者許麗珍／台北報導】本週台北國際電腦展即將開展，輝達（NVIDIA）執行長黃仁勳今天將發表演講，成為市場囑目焦點。台股早盤漲近700點並創下台股盤中新高點，終場上漲604.97點或1.35%，收在,,https://tw.news.yahoo.com/%E9%9B%BB%E8%85%A6%E5%B1%95%E6%9C%AC%E9%80%B1%E7%99%BB%E5%A0%B4ai%E9%A1%8C%E6%9D%90%E6%97%BA-%E5%8F%B0%E8%82%A1%E5%A4%A7%E6%BC%B2600%E9%BB%9E%E6%94%B64%E8%90%AC5%E5%89%B5%E6%96%B0%E9%AB%98-104000135.html,1.0,positive
2026-06-01,MARKET,市場,Yahoo股市-台股動態,AI題材續發燒 台股創高、新台幣連2升收31.379元,（中央社記者潘姿羽台北2026年6月1日電）輝達（NVIDIA）執行長黃仁勳來台炒熱AI題材，台股氣勢如虹，今天繼續登高；不過地緣政治風險持續籠罩，加上美元買盤強勁，新台幣兌美元今天僅小升0.5分，收,,https://tw.stock.yahoo.com/news/ai%E9%A1%8C%E6%9D%90%E7%BA%8C%E7%99%BC%E7%87%92-%E5%8F%B0%E8%82%A1%E5%89%B5%E9%AB%98-%E6%96%B0%E5%8F%B0%E5%B9%A3%E9%80%A32%E5%8D%87%E6%94%B631-379%E5%85%83-103625793.html,1.0,positive
2026-06-01,MARKET,市場,Yahoo股市-台股動態,台股屢創新高 台灣上市公司員工2025年平均薪資福利169萬元年增6.3%,台股屢創新高！2025年全年共大漲5928.50點，漲幅約為25.74%。台灣證券交易所今天公布2025年台灣上市公司全體員工薪酬資訊，包括薪資、勞健保、退休金、其他員工福利費用，扣除董事酬金，去年上,,https://tw.news.yahoo.com/%E5%8F%B0%E8%82%A1%E5%B1%A2%E5%89%B5%E6%96%B0%E9%AB%98-%E5%8F%B0%E7%81%A3%E4%B8%8A%E5%B8%82%E5%85%AC%E5%8F%B8%E5%93%A1%E5%B7%A52025%E5%B9%B4%E5%B9%B3%E5%9D%87%E8%96%AA%E8%B3%87%E7%A6%8F%E5%88%A9169%E8%90%AC%E5%85%83%E5%B9%B4%E5%A2%9E63-103359303.html,1.0,positive
2026-06-01,MARKET,市場,Yahoo股市-台股動態,台股狂飆！網問：600萬變2000萬難度？他親曝「操作心法」 全網看跪了,台股近期多頭氣勢如虹，指數頻頻刷新歷史新高，今（1）日收盤更一舉站上45000點大關。這波前所未有的半導體行情，讓不少投資人賺得盆滿缽滿，也吸引大批網友躍躍欲試。一名擁有600萬資產的網友就在PTT上,,https://tw.news.yahoo.com/%E5%8F%B0%E8%82%A1%E7%8B%82%E9%A3%86-%E7%B6%B2%E5%95%8F-600%E8%90%AC%E8%AE%8A2000%E8%90%AC%E9%9B%A3%E5%BA%A6-%E4%BB%96%E8%A6%AA%E6%9B%9D-%E6%93%8D%E4%BD%9C%E5%BF%83%E6%B3%95-103300607.html,0.0,neutral
2026-06-01,MARKET,市場,Yahoo股市-台股動態,外資狂掃52億美元！台股稱霸亞洲 韓股卻遭大提款,財經中心／綜合報導亞洲股市近期出現極端資金分化。玉山投信指出，上週外資對亞股態度明顯「幾家歡樂幾家愁」，其中台股成為最大贏家，單週吸金超過52億美元，穩居亞洲之冠；反觀同樣以科技出口為主的韓股，卻單週,,https://tw.stock.yahoo.com/news/%E5%A4%96%E8%B3%87%E7%8B%82%E6%8E%8352%E5%84%84%E7%BE%8E%E5%85%83-%E5%8F%B0%E8%82%A1%E7%A8%B1%E9%9C%B8%E4%BA%9E%E6%B4%B2-%E9%9F%93%E8%82%A1%E5%8D%BB%E9%81%AD%E5%A4%A7%E6%8F%90%E6%AC%BE-102744420.html,0.0,neutral
2026-06-01,MARKET,市場,Yahoo股市-台股動態,台股創高全民瘋！他憶「炒房狂潮」示警：成本才是風險,【高沛生／綜合報導】近期台股持續創高、投資氣氛升溫，市場樂觀情緒升高之際，網紅「國際超級房仲Zack」發文指出，股市熱度已讓他聯想到2021年及2024年的台灣房市多頭氛圍。他表示，市場對指數的預期從,,https://tw.news.yahoo.com/%E5%8F%B0%E8%82%A1%E5%89%B5%E9%AB%98%E5%85%A8%E6%B0%91%E7%98%8B-%E4%BB%96%E6%86%B6-%E7%82%92%E6%88%BF%E7%8B%82%E6%BD%AE-%E7%A4%BA%E8%AD%A6-%E6%88%90%E6%9C%AC%E6%89%8D%E6%98%AF%E9%A2%A8%E9%9A%AA-102400206.html,1.0,positive
2026-06-01,MARKET,市場,Yahoo股市-台股動態,AI神助攻台股衝4萬5！新台幣迎創4個月新高 挑戰31.2元大關有譜,投資人靜待美伊和平協議作出最終決定，市場風險偏好升溫，加上輝達（Nvidia）釋出多項利多，激勵台股站上4萬5大關，熱錢加碼買超，新台幣匯率今（6/1）日上午升破31.3字頭，在外資大舉回補，匯價最高,,https://tw.news.yahoo.com/ai%E7%A5%9E%E5%8A%A9%E6%94%BB%E5%8F%B0%E8%82%A1%E8%A1%9D4%E8%90%AC5-%E6%96%B0%E5%8F%B0%E5%B9%A3%E8%BF%8E%E5%89%B54%E5%80%8B%E6%9C%88%E6%96%B0%E9%AB%98-%E6%8C%91%E6%88%B031-2%E5%85%83%E5%A4%A7%E9%97%9C%E6%9C%89%E8%AD%9C-101020484.html,1.0,positive
2026-06-01,MARKET,市場,Yahoo股市-台股動態,大買包子股！黃仁勳「大家好」催台股站穩4萬5大關 股民嘆：老黃只會捧別人,[FTNN新聞網]記者邱梓欣／綜合報導受惠美股上週五刷下新高，以及輝達執行長黃仁勳在台演講的消息激勵下，台股今（1）日開高走高，加權指數終場大漲604.97點，...,,https://tw.stock.yahoo.com/news/%E5%A4%A7%E8%B2%B7%E5%8C%85%E5%AD%90%E8%82%A1-%E9%BB%83%E4%BB%81%E5%8B%B3-%E5%A4%A7%E5%AE%B6%E5%A5%BD-%E5%82%AC%E5%8F%B0%E8%82%A1%E7%AB%99%E7%A9%A94%E8%90%AC5%E5%A4%A7%E9%97%9C-%E8%82%A1%E6%B0%91%E5%98%86-093500310.html,0.0,neutral
2026-06-01,MARKET,市場,Yahoo股市-最新新聞,輝達揪吃「韓版兆元宴」 黃仁勳預告：明年會忙得不可思議,輝達執行長黃仁勳1日晚間舉辦「韓國夥伴之夜」聚會，宴請三星電子、SK海力士、LG集團、Naver及斗山集團等韓國供應鏈夥伴，在台北知名熱炒餐廳「品鱻海鮮」上演韓版「兆元宴」。黃仁勳步出餐廳接受媒體訪問,,https://tw.news.yahoo.com/%E8%BC%9D%E9%81%94%E6%8F%AA%E5%90%83-%E9%9F%93%E7%89%88%E5%85%86%E5%85%83%E5%AE%B4-%E9%BB%83%E4%BB%81%E5%8B%B3%E9%A0%90%E5%91%8A-%E6%98%8E%E5%B9%B4%E6%9C%83%E5%BF%99%E5%BE%97%E4%B8%8D%E5%8F%AF%E6%80%9D%E8%AD%B0-143533434.html,0.0,neutral
2026-06-01,MARKET,市場,Yahoo股市-最新新聞,聯上智科 成為商辦圈的輝達概念股,座落福國路首排的「聯上智科」，是北士科水岸商圈內唯一預售商辦。（圖/業者提供）商傳媒｜記者陳宜靖／台北報導輝達於上月27日正式啟動台灣NVIDIA Constellation海外總部，隨著工程進展，不,,https://tw.stock.yahoo.com/news/%E8%81%AF%E4%B8%8A%E6%99%BA%E7%A7%91-%E6%88%90%E7%82%BA%E5%95%86%E8%BE%A6%E5%9C%88%E7%9A%84%E8%BC%9D%E9%81%94%E6%A6%82%E5%BF%B5%E8%82%A1-142123433.html,0.0,neutral
2026-06-01,MARKET,市場,Yahoo股市-最新新聞,伊朗中斷與美國談判！威脅封鎖荷姆茲海峽,[NOWNEWS今日新聞]美伊談判又破局？伊朗半官方媒體宣布，德黑蘭因不滿以色列近期對黎巴嫩的攻擊，即刻中斷與美國的外交談判。CNN引述伊朗半官方媒體塔斯尼姆通訊社（Tasnim）報導，德黑蘭高層聲明,,https://tw.news.yahoo.com/%E4%BC%8A%E6%9C%97%E4%B8%AD%E6%96%B7%E8%88%87%E7%BE%8E%E5%9C%8B%E8%AB%87%E5%88%A4-%E5%A8%81%E8%84%85%E5%B0%81%E9%8E%96%E8%8D%B7%E5%A7%86%E8%8C%B2%E6%B5%B7%E5%B3%BD-141552538.html,0.0,neutral
2026-06-01,MARKET,市場,Yahoo股市-最新新聞,OECD：中國大舉補貼中企 對外企構成不當競爭優勢,（中央社巴(黎)2026年6月1日綜合外電報導）經濟合作暨發展組織（OECD）今天公布的報告顯示，在2005年至2024年期間，中國15個關鍵產業領域獲得遠高於外國競爭對手的的國家補貼，對後者構成不公,,https://tw.stock.yahoo.com/news/oecd-%E4%B8%AD%E5%9C%8B%E5%A4%A7%E8%88%89%E8%A3%9C%E8%B2%BC%E4%B8%AD%E4%BC%81-%E5%B0%8D%E5%A4%96%E4%BC%81%E6%A7%8B%E6%88%90%E4%B8%8D%E7%95%B6%E7%AB%B6%E7%88%AD%E5%84%AA%E5%8B%A2-140043005.html,0.0,neutral
2026-06-01,MARKET,市場,Yahoo股市-最新新聞,投資人懷疑美伊和平協議能否成局 美股三大指數開盤漲跌互見,即時中心／綜合報導美國華爾街主要指數，今天開盤漲跌互見，在接近歷史高點附近震盪，投資人一方面評估輝達最新的人工智慧布局，另一方面則對於美國和伊朗是否能夠達成協議抱持懷疑。,,https://tw.stock.yahoo.com/news/%E6%8A%95%E8%B3%87%E4%BA%BA%E6%87%B7%E7%96%91%E7%BE%8E%E4%BC%8A%E5%92%8C%E5%B9%B3%E5%8D%94%E8%AD%B0%E8%83%BD%E5%90%A6%E6%88%90%E5%B1%80-%E7%BE%8E%E8%82%A1%E4%B8%89%E5%A4%A7%E6%8C%87%E6%95%B8%E9%96%8B%E7%9B%A4%E6%BC%B2%E8%B7%8C%E4%BA%92%E8%A6%8B-135651361.html,0.0,neutral
2026-06-01,MARKET,市場,Yahoo股市-最新新聞,【2025上市最薪酸】美廉社、三商巧福、好樂迪都入榜！ 這家員工平均薪資不到30萬元,證交所今（1）日公布最新上市公司員工平均薪資，幾家歡樂幾家愁，後段班前十名，主要由內需餐飲、傳統零售及傳統製造業包辦，其中，觀光餐旅業、旗下擁有三商巧福等知名連鎖品牌的三商餐飲（7705）以年薪29.,,https://tw.stock.yahoo.com/news/%E3%80%902025%E4%B8%8A%E5%B8%82%E6%9C%80%E8%96%AA%E9%85%B8%E3%80%91%E7%BE%8E%E5%BB%89%E7%A4%BE%E3%80%81%E4%B8%89%E5%95%86%E5%B7%A7%E7%A6%8F%E3%80%81%E5%A5%BD%E6%A8%82%E8%BF%AA%E9%83%BD%E5%85%A5%E6%A6%9C%EF%BC%81-%E9%80%99%E5%AE%B6%E5%93%A1%E5%B7%A5%E5%B9%B3%E5%9D%87%E8%96%AA%E8%B3%87%E4%B8%8D%E5%88%B030%E8%90%AC%E5%85%83-135439371.html,0.0,neutral
2026-06-01,MARKET,市場,Yahoo股市-最新新聞,中國反制日菲 海警展開環台執法,據《央視》報導，中國海警岱山艦編隊 1 日（周一）在台灣以東海域依法展開執法巡查，這是針對日本和菲律賓單方面宣布啟動台灣以東海域劃界談判、嚴重侵犯領土主權和海洋權益採取的必要行動。,,https://tw.stock.yahoo.com/news/%E4%B8%AD%E5%9C%8B%E5%8F%8D%E5%88%B6%E6%97%A5%E8%8F%B2-%E6%B5%B7%E8%AD%A6%E5%B1%95%E9%96%8B%E7%92%B0%E5%8F%B0%E5%9F%B7%E6%B3%95-135139939.html,0.0,neutral
2026-06-01,MARKET,市場,Yahoo股市-最新新聞,【公告】三圓本週到期票據、應償還借款及利息等相關資訊,日 期：2026年06月01日公司名稱：三圓(4416)主 旨：三圓本週到期票據、應償還借款及利息等相關資訊發言人：王朝平說 明：1.事實發生日:115/06/012.公司名稱:三圓建設股份有限公司3,,https://tw.stock.yahoo.com/news/%E5%85%AC%E5%91%8A-%E4%B8%89%E5%9C%93%E6%9C%AC%E9%80%B1%E5%88%B0%E6%9C%9F%E7%A5%A8%E6%93%9A-%E6%87%89%E5%84%9F%E9%82%84%E5%80%9F%E6%AC%BE%E5%8F%8A%E5%88%A9%E6%81%AF%E7%AD%89%E7%9B%B8%E9%97%9C%E8%B3%87%E8%A8%8A-134433745.html,0.0,neutral
2026-06-01,MARKET,市場,Yahoo股市-最新新聞,【公告】三圓獨立董事變動暨董事變動達三分之一,日 期：2026年06月01日公司名稱：三圓(4416)主 旨：三圓獨立董事變動暨董事變動達三分之一發言人：王朝平說 明：1.發生變動日期:115/06/012.選任或變動人員別（請輸入法人董事、法人,,https://tw.stock.yahoo.com/news/%E5%85%AC%E5%91%8A-%E4%B8%89%E5%9C%93%E7%8D%A8%E7%AB%8B%E8%91%A3%E4%BA%8B%E8%AE%8A%E5%8B%95%E6%9A%A8%E8%91%A3%E4%BA%8B%E8%AE%8A%E5%8B%95%E9%81%94%E4%B8%89%E5%88%86%E4%B9%8B-134431945.html,0.0,neutral
2026-06-01,MARKET,市場,Yahoo股市-最新新聞,【公告】三圓之關係人退票事宜,日 期：2026年06月01日公司名稱：三圓(4416)主 旨：三圓之關係人退票事宜發言人：王朝平說 明：1.關係人或主要債務人或其連帶保證人名稱:山圓建設股份有限公司2.事實發生日:115/06/0,,https://tw.stock.yahoo.com/news/%E5%85%AC%E5%91%8A-%E4%B8%89%E5%9C%93%E4%B9%8B%E9%97%9C%E4%BF%82%E4%BA%BA%E9%80%80%E7%A5%A8%E4%BA%8B%E5%AE%9C-134429009.html,0.0,neutral
2026-06-01,MARKET,市場,Yahoo股市-最新新聞,【公告】三圓董事長王雅麟先生退票事由說明,日 期：2026年06月01日公司名稱：三圓(4416)主 旨：三圓董事長王雅麟先生退票事由說明發言人：王朝平說 明：1.櫃買中心公告處置之日期:NA2.公司名稱(或負責人姓名):王雅麟3.與公司關係,,https://tw.stock.yahoo.com/news/%E5%85%AC%E5%91%8A-%E4%B8%89%E5%9C%93%E8%91%A3%E4%BA%8B%E9%95%B7%E7%8E%8B%E9%9B%85%E9%BA%9F%E5%85%88%E7%94%9F%E9%80%80%E7%A5%A8%E4%BA%8B%E7%94%B1%E8%AA%AA%E6%98%8E-134424076.html,0.0,neutral
2026-06-01,MARKET,市場,Yahoo股市-最新新聞,【公告】漢唐召開法人說明會之相關訊息,日 期：2026年06月01日公司名稱：漢唐(2404)主 旨：漢唐召開法人說明會之相關訊息發言人：許俊源說 明：符合條款第四條第XX款：12事實發生日：115/06/111.召開法人說明會之日期：1,,https://tw.stock.yahoo.com/news/%E5%85%AC%E5%91%8A-%E6%BC%A2%E5%94%90%E5%8F%AC%E9%96%8B%E6%B3%95%E4%BA%BA%E8%AA%AA%E6%98%8E%E6%9C%83%E4%B9%8B%E7%9B%B8%E9%97%9C%E8%A8%8A%E6%81%AF-134420395.html,0.0,neutral
2026-06-01,MARKET,市場,Yahoo股市-最新新聞,他想信貸300萬歐印「0050正二」！網見1細節秒勸退,財經中心／周孟漢報導台股近期強勢多頭，不少人都靠股市賺到一桶金，甚至有許多人直接離職，專心在家炒股，其中也有不少人選擇「信貸投資」，期望能在這波 AI 浪潮中大賺一筆。而在近日，1 名年收入 95 萬,,https://tw.stock.yahoo.com/news/%E4%BB%96%E6%83%B3%E4%BF%A1%E8%B2%B8300%E8%90%AC%E6%AD%90%E5%8D%B0-0050%E6%AD%A3%E4%BA%8C-%E7%B6%B2%E8%A6%8B1%E7%B4%B0%E7%AF%80%E7%A7%92%E5%8B%B8%E9%80%80-134235188.html,0.0,neutral
2026-06-01,MARKET,市場,Yahoo股市-最新新聞,〈美股早盤〉AI利多對決中東風險 主要指數漲跌互見,美股主要指數周一 (6/1) 開盤漲跌互見，接近歷史高點附近震盪。投資人一方面受到輝達推出新款 AI 個人電腦晶片激勵，帶動科技股走強，另一方面則消化美伊衝突持續升溫帶來的地緣政治風險。傳出伊朗因不滿,,https://tw.stock.yahoo.com/news/%E7%BE%8E%E8%82%A1%E6%97%A9%E7%9B%A4-ai%E5%88%A9%E5%A4%9A%E5%B0%8D%E6%B1%BA%E4%B8%AD%E6%9D%B1%E9%A2%A8%E9%9A%AA-%E4%B8%BB%E8%A6%81%E6%8C%87%E6%95%B8%E6%BC%B2%E8%B7%8C%E4%BA%92%E8%A6%8B-134145389.html,1.0,positive
2026-06-01,MARKET,市場,Yahoo股市-最新新聞,迎超高齡社會挑戰 金管會擬放寬保險商品定價限制,（中央社記者呂晏慈台北2026年6月1日電）面對超高齡社會挑戰，金管會今天表示，擬透過法規調適提升保險商品定價彈性，放寬過去費率釐訂需要3至5年經驗資料的限制，並鼓勵業者以創新思維或科技技術精進商品及,,https://tw.stock.yahoo.com/news/%E8%BF%8E%E8%B6%85%E9%AB%98%E9%BD%A1%E7%A4%BE%E6%9C%83%E6%8C%91%E6%88%B0-%E9%87%91%E7%AE%A1%E6%9C%83%E6%93%AC%E6%94%BE%E5%AF%AC%E4%BF%9D%E9%9A%AA%E5%95%86%E5%93%81%E5%AE%9A%E5%83%B9%E9%99%90%E5%88%B6-133718845.html,0.0,neutral
2026-06-01,MARKET,市場,Yahoo股市-最新新聞,伊朗暫停透過中間人同美國對話 國際油價大漲6%,據伊朗媒體 1 日（周一）報導，鑑於以色列在黎巴嫩持續展開軍事行動，伊朗談判團隊暫停通過中間人同美國對話。,,https://tw.stock.yahoo.com/news/%E4%BC%8A%E6%9C%97%E6%9A%AB%E5%81%9C%E9%80%8F%E9%81%8E%E4%B8%AD%E9%96%93%E4%BA%BA%E5%90%8C%E7%BE%8E%E5%9C%8B%E5%B0%8D%E8%A9%B1-%E5%9C%8B%E9%9A%9B%E6%B2%B9%E5%83%B9%E5%A4%A7%E6%BC%B26-133134740.html,0.0,neutral
2026-06-01,MARKET,市場,Yahoo股市-最新新聞,宇樹科技IPO過會 募資42億元人民幣 仍面臨「盈利陷阱」的挑戰,宇樹科技股份有限公司 (宇樹科技) 周一 (1 日) 正式通過 IPO 審核，計畫募資 42 億元人民幣。作為人形機器人與具身智能賽道中極少數實現盈利的「獨角獸」，宇樹科技的上市進程備受關注，但也揭示,,https://tw.stock.yahoo.com/news/%E5%AE%87%E6%A8%B9%E7%A7%91%E6%8A%80ipo%E9%81%8E%E6%9C%83-%E5%8B%9F%E8%B3%8742%E5%84%84%E5%85%83%E4%BA%BA%E6%B0%91%E5%B9%A3-%E4%BB%8D%E9%9D%A2%E8%87%A8-%E7%9B%88%E5%88%A9%E9%99%B7%E9%98%B1-%E7%9A%84%E6%8C%91%E6%88%B0-133058420.html,0.0,neutral
2026-06-01,MARKET,市場,Yahoo股市-最新新聞,三圓 公告本公司獨立董事變動暨董事變動達三分之一,公開資訊觀測站重大訊息公告(4416)三圓-公告本公司獨立董事變動暨董事變動達三分之一1.發生變動日期:115/06/012.選任或變動人員別（請輸入法人董事、法人監察人、獨立董事、自然人董事或自然人,,https://tw.stock.yahoo.com/news/%E4%B8%89%E5%9C%93-%E5%85%AC%E5%91%8A%E6%9C%AC%E5%85%AC%E5%8F%B8%E7%8D%A8%E7%AB%8B%E8%91%A3%E4%BA%8B%E8%AE%8A%E5%8B%95%E6%9A%A8%E8%91%A3%E4%BA%8B%E8%AE%8A%E5%8B%95%E9%81%94%E4%B8%89%E5%88%86%E4%B9%8B-132700232.html,0.0,neutral
2026-06-01,MARKET,市場,Yahoo股市-最新新聞,三圓 本公司董事長王雅麟先生退票事由說明,公開資訊觀測站重大訊息公告(4416)三圓-本公司董事長王雅麟先生退票事由說明1.櫃買中心公告處置之日期:NA2.公司名稱(或負責人姓名):王雅麟3.與公司關係﹝請輸入本公司、本公司負責人、母公司或子,,https://tw.stock.yahoo.com/news/%E4%B8%89%E5%9C%93-%E6%9C%AC%E5%85%AC%E5%8F%B8%E8%91%A3%E4%BA%8B%E9%95%B7%E7%8E%8B%E9%9B%85%E9%BA%9F%E5%85%88%E7%94%9F%E9%80%80%E7%A5%A8%E4%BA%8B%E7%94%B1%E8%AA%AA%E6%98%8E-132700253.html,0.0,neutral
2026-06-01,MARKET,市場,Yahoo股市-最新新聞,三圓 公告本公司審計委員會、薪資報酬委員會及召集人異動,公開資訊觀測站重大訊息公告(4416)三圓-公告本公司審計委員會、薪資報酬委員會及召集人異動1.發生變動日期:115/06/012.功能性委員會名稱:審計委員會、薪資報酬委員會3.舊任者姓名:丁金輝4,,https://tw.stock.yahoo.com/news/%E4%B8%89%E5%9C%93-%E5%85%AC%E5%91%8A%E6%9C%AC%E5%85%AC%E5%8F%B8%E5%AF%A9%E8%A8%88%E5%A7%94%E5%93%A1%E6%9C%83-%E8%96%AA%E8%B3%87%E5%A0%B1%E9%85%AC%E5%A7%94%E5%93%A1%E6%9C%83%E5%8F%8A%E5%8F%AC%E9%9B%86%E4%BA%BA%E7%95%B0%E5%8B%95-132700533.html,0.0,neutral
2026-06-01,MARKET,市場,Yahoo股市-最新新聞,三圓 公告本公司之關係人退票事宜,公開資訊觀測站重大訊息公告(4416)三圓-公告本公司之關係人退票事宜1.關係人或主要債務人或其連帶保證人名稱:山圓建設股份有限公司2.事實發生日:115/06/013.發生緣由:本公司於115/06,,https://tw.stock.yahoo.com/news/%E4%B8%89%E5%9C%93-%E5%85%AC%E5%91%8A%E6%9C%AC%E5%85%AC%E5%8F%B8%E4%B9%8B%E9%97%9C%E4%BF%82%E4%BA%BA%E9%80%80%E7%A5%A8%E4%BA%8B%E5%AE%9C-132700870.html,0.0,neutral
2026-06-01,MARKET,市場,Yahoo股市-最新新聞,三圓 公告本公司本週到期票據、應償還借款及利息等相關資訊,公開資訊觀測站重大訊息公告(4416)三圓-公告本公司本週到期票據、應償還借款及利息等相關資訊1.事實發生日:115/06/012.公司名稱:三圓建設股份有限公司3.與公司關係(請輸入本公司或子公司),,https://tw.stock.yahoo.com/news/%E4%B8%89%E5%9C%93-%E5%85%AC%E5%91%8A%E6%9C%AC%E5%85%AC%E5%8F%B8%E6%9C%AC%E9%80%B1%E5%88%B0%E6%9C%9F%E7%A5%A8%E6%93%9A-%E6%87%89%E5%84%9F%E9%82%84%E5%80%9F%E6%AC%BE%E5%8F%8A%E5%88%A9%E6%81%AF%E7%AD%89%E7%9B%B8%E9%97%9C%E8%B3%87%E8%A8%8A-132300185.html,0.0,neutral
2026-06-01,MARKET,市場,Yahoo股市-最新新聞,法國年度投資會議吸3.4兆元投入AI等領域 超越過去8屆總合,（中央社巴(黎)2026年6月1日綜合外電報導）法國總統馬克宏今天說，預期今年度「選擇法國」（ChooseFrance）投資會議吸引到的外國投資額達到930億歐元（約新台幣3兆3900億元），包括在人,,https://tw.stock.yahoo.com/news/%E6%B3%95%E5%9C%8B%E5%B9%B4%E5%BA%A6%E6%8A%95%E8%B3%87%E6%9C%83%E8%AD%B0%E5%90%B83-4%E5%85%86%E5%85%83%E6%8A%95%E5%85%A5ai%E7%AD%89%E9%A0%98%E5%9F%9F-%E8%B6%85%E8%B6%8A%E9%81%8E%E5%8E%BB8%E5%B1%86%E7%B8%BD%E5%90%88-132114078.html,0.0,neutral
2026-06-01,MARKET,市場,Yahoo股市-最新新聞,【公告】鴻勁受邀參加花旗證券舉辦之 Citi''s 2026 Taiwan Tech Conference,日 期：2026年06月01日公司名稱：鴻勁(7769)主 旨：鴻勁受邀參加花旗證券舉辦之 Citi''s 2026 Taiwan Tech Conference發言人：翁德奎說 明：符合條款第四條第,,https://tw.stock.yahoo.com/news/%E5%85%AC%E5%91%8A-%E9%B4%BB%E5%8B%81%E5%8F%97%E9%82%80%E5%8F%83%E5%8A%A0%E8%8A%B1%E6%97%97%E8%AD%89%E5%88%B8%E8%88%89%E8%BE%A6%E4%B9%8B-citis-2026-taiwan-132111615.html,0.0,neutral
2026-06-01,MARKET,市場,Yahoo股市-最新新聞,【公告】鴻勁受邀參加Goldman Sachs Taiwan Computex & Corporate Day 2026,日 期：2026年06月01日公司名稱：鴻勁(7769)主 旨：鴻勁受邀參加Goldman Sachs Taiwan Computex & Corporate Day 2026發言人：翁德奎說 明：符,,https://tw.stock.yahoo.com/news/%E5%85%AC%E5%91%8A-%E9%B4%BB%E5%8B%81%E5%8F%97%E9%82%80%E5%8F%83%E5%8A%A0goldman-sachs-taiwan-computex-132107996.html,0.0,neutral
2026-06-01,MARKET,市場,Yahoo股市-最新新聞,【公告】永冠-KY上一月份實際及未來三個月預計之現金收支狀況、截至上一月底之長短期債務餘額及銀行融資額度使用情形,日 期：2026年06月01日公司名稱：永冠-KY(1589)主 旨：永冠-KY上一月份實際及未來三個月預計之現金收支狀況、截至上一月底之長短期債務餘額及銀行融資額度使用情形發言人：蔡樹根說 明：1.,,https://tw.stock.yahoo.com/news/%E5%85%AC%E5%91%8A-%E6%B0%B8%E5%86%A0-ky%E4%B8%8A-%E6%9C%88%E4%BB%BD%E5%AF%A6%E9%9A%9B%E5%8F%8A%E6%9C%AA%E4%BE%86%E4%B8%89%E5%80%8B%E6%9C%88%E9%A0%90%E8%A8%88%E4%B9%8B%E7%8F%BE%E9%87%91%E6%94%B6%E6%94%AF%E7%8B%80%E6%B3%81-%E6%88%AA%E8%87%B3%E4%B8%8A-132105644.html,0.0,neutral
2026-06-01,MARKET,市場,Yahoo股市-最新新聞,集保研擬ESG評級與數據產品提供者行為準則公開諮詢,（中央社記者潘智義台北2026年6月1日電）為因應全球永續金融監理發展趨勢，並健全台灣永續投資市場的信任基礎、提升資訊透明度，集保結算所依循金管會政策藍圖，研擬「ESG評級與數據產品提供者行為準則」草,,https://tw.stock.yahoo.com/news/%E9%9B%86%E4%BF%9D%E7%A0%94%E6%93%ACesg%E8%A9%95%E7%B4%9A%E8%88%87%E6%95%B8%E6%93%9A%E7%94%A2%E5%93%81%E6%8F%90%E4%BE%9B%E8%80%85%E8%A1%8C%E7%82%BA%E6%BA%96%E5%89%87%E5%85%AC%E9%96%8B%E8%AB%AE%E8%A9%A2-132103573.html,0.0,neutral
2026-06-01,MARKET,市場,Yahoo股市-最新新聞,歐盟擬收緊雲端標案規範！亞馬遜、微軟與Google恐受限,歐盟正計畫對高度敏感的政府雲端運算標案祭出更嚴格規範，可能使亞馬遜 (AMZN-US)、微軟(MSFT-US) 及 Alphabet 旗下 Google(GOOGL-US)等美國科技巨頭難以參與部分關,,https://tw.stock.yahoo.com/news/%E6%AD%90%E7%9B%9F%E6%93%AC%E6%94%B6%E7%B7%8A%E9%9B%B2%E7%AB%AF%E6%A8%99%E6%A1%88%E8%A6%8F%E7%AF%84-%E4%BA%9E%E9%A6%AC%E9%81%9C-%E5%BE%AE%E8%BB%9F%E8%88%87google%E6%81%90%E5%8F%97%E9%99%90-132003347.html,0.0,neutral
2026-06-01,MARKET,市場,Yahoo股市-最新新聞,機上驚傳有藍牙炸彈！16歲少年闖禍全機折返,[NOWNEWS今日新聞]飛機有炸彈？美國「聯合航空」上週六一架從紐華克飛往西班牙的班機，因機上搜尋到被命名為「炸彈」（bomb）的藍牙裝置，航行途中緊急折返，調查後發現，只是一名16歲少年的智慧手環,,https://tw.news.yahoo.com/%E6%A9%9F%E4%B8%8A%E9%A9%9A%E5%82%B3%E6%9C%89%E8%97%8D%E7%89%99%E7%82%B8%E5%BD%88-16%E6%AD%B2%E5%B0%91%E5%B9%B4%E9%97%96%E7%A6%8D%E5%85%A8%E6%A9%9F%E6%8A%98%E8%BF%94-130939826.html,0.0,neutral
2026-06-01,MARKET,市場,Yahoo股市-最新新聞,無薪假單期增加人數寫今年新高 主因個別製造業因素,"勞動部6月1日公布勞工行政主管機關通報因應景氣影響勞雇雙方協商減少工時事業單位計262家，實施人數3,760人。較5月18日公布的上期家數增加八家，人數增加441人，也是今年減班休息統計當中，比前期增",,https://tw.stock.yahoo.com/news/%E7%84%A1%E8%96%AA%E5%81%87%E5%96%AE%E6%9C%9F%E5%A2%9E%E5%8A%A0%E4%BA%BA%E6%95%B8%E5%AF%AB%E4%BB%8A%E5%B9%B4%E6%96%B0%E9%AB%98-%E4%B8%BB%E5%9B%A0%E5%80%8B%E5%88%A5%E8%A3%BD%E9%80%A0%E6%A5%AD%E5%9B%A0%E7%B4%A0-130558317.html,0.0,neutral
2026-06-01,MARKET,市場,Yahoo股市-最新新聞,高股息ETF績效王！00929月配息倍增至0.26元 年化配息率破10%,台股高股息 ETF 集體華麗翻身，不過，復華台灣科技優息 (00929-TW) 早在去年底修正指數規則，完美銜接這波 AI 多頭行情，展現強勁的吸金能力,,https://tw.stock.yahoo.com/news/%E9%AB%98%E8%82%A1%E6%81%AFetf%E7%B8%BE%E6%95%88%E7%8E%8B-00929%E6%9C%88%E9%85%8D%E6%81%AF%E5%80%8D%E5%A2%9E%E8%87%B30-26%E5%85%83-%E5%B9%B4%E5%8C%96%E9%85%8D%E6%81%AF%E7%8E%87%E7%A0%B410-130547469.html,1.0,positive
2026-06-01,MARKET,市場,Yahoo股市-最新新聞,威力彩頭獎直飆7億！ 翻身7碼看過來,想要變身富豪的朋友看過來！除了備受彩迷期待的大樂透將從本月5日起至7月17日共13期推出端午加碼活動，提供億元頭獎和百萬加碼獎雙重中獎機會，已經連續25期沒有頭獎得主出現的威力彩，本期（6／1）累積獎,,https://tw.stock.yahoo.com/news/%E5%A8%81%E5%8A%9B%E5%BD%A9%E9%A0%AD%E7%8D%8E%E7%9B%B4%E9%A3%867%E5%84%84-%E7%BF%BB%E8%BA%AB7%E7%A2%BC%E7%9C%8B%E9%81%8E%E4%BE%86-130301324.html,0.0,neutral
2026-06-01,MARKET,市場,Yahoo股市-最新新聞,鴻勁 公告本公司受邀參加 Morgan Stanley 舉辦之Asia AI Summit 2026,公開資訊觀測站重大訊息公告(7769)鴻勁-公告本公司受邀參加 Morgan Stanley 舉辦之Asia AI Summit 2026符合條款第四條第XX款：12事實發生日：115/05/281.,,https://tw.stock.yahoo.com/news/%E9%B4%BB%E5%8B%81-%E5%85%AC%E5%91%8A%E6%9C%AC%E5%85%AC%E5%8F%B8%E5%8F%97%E9%82%80%E5%8F%83%E5%8A%A0-morgan-stanley-%E8%88%89%E8%BE%A6%E4%B9%8Basia-130300277.html,0.0,neutral
2026-06-01,MARKET,市場,Yahoo股市-最新新聞,鴻勁 公告本公司受邀參加花旗證券舉辦之 Citi's 2026 Taiwan Tech Conference,公開資訊觀測站重大訊息公告(7769)鴻勁-公告本公司受邀參加花旗證券舉辦之 Citi's 2026 Taiwan Tech Conference符合條款第四條第XX款：12事實發生日：115/06/,,https://tw.stock.yahoo.com/news/%E9%B4%BB%E5%8B%81-%E5%85%AC%E5%91%8A%E6%9C%AC%E5%85%AC%E5%8F%B8%E5%8F%97%E9%82%80%E5%8F%83%E5%8A%A0%E8%8A%B1%E6%97%97%E8%AD%89%E5%88%B8%E8%88%89%E8%BE%A6%E4%B9%8B-citis-2026-taiwan-130300772.html,0.0,neutral
2026-06-01,MARKET,市場,Yahoo股市-最新新聞,永冠-KY 公告本公司上一月份實際及未來三個月預計之現金收支狀況、截至上一月底之長短期債務餘額及銀行融資額度使用情形,公開資訊觀測站重大訊息公告(1589)永冠-KY-公告本公司上一月份實際及未來三個月預計之現金收支狀況、截至上一月底之長短期債務餘額及銀行融資額度使用情形1.事實發生日:115/06/012.公司名稱,,https://tw.stock.yahoo.com/news/%E6%B0%B8%E5%86%A0-ky-%E5%85%AC%E5%91%8A%E6%9C%AC%E5%85%AC%E5%8F%B8%E4%B8%8A-%E6%9C%88%E4%BB%BD%E5%AF%A6%E9%9A%9B%E5%8F%8A%E6%9C%AA%E4%BE%86%E4%B8%89%E5%80%8B%E6%9C%88%E9%A0%90%E8%A8%88%E4%B9%8B%E7%8F%BE%E9%87%91%E6%94%B6%E6%94%AF%E7%8B%80%E6%B3%81-%E6%88%AA%E8%87%B3%E4%B8%8A-130300331.html,0.0,neutral
2026-06-01,MARKET,市場,Yahoo股市-最新新聞,鴻勁 公告本公司受邀參加Goldman Sachs Taiwan Computex & Corporate Day 2026,公開資訊觀測站重大訊息公告(7769)鴻勁-公告本公司受邀參加Goldman Sachs Taiwan Computex & Corporate Day 2026符合條款第四條第XX款：12事實發生日,,https://tw.stock.yahoo.com/news/%E9%B4%BB%E5%8B%81-%E5%85%AC%E5%91%8A%E6%9C%AC%E5%85%AC%E5%8F%B8%E5%8F%97%E9%82%80%E5%8F%83%E5%8A%A0goldman-sachs-taiwan-computex-130300209.html,0.0,neutral
2026-06-01,MARKET,市場,Yahoo股市-最新新聞,元太75吋彩色電子紙廣告看板 桃園機場啟用,（中央社記者潘智義台北2026年6月1日電）在全球能源轉型與淨零碳排浪潮下，企業與機構均積極響應2050淨零碳排目標，元太科技(8069)今天表示，具有超低耗電顯示技術的電子紙看板，已建置於桃園國際機,,https://tw.stock.yahoo.com/news/%E5%85%83%E5%A4%AA75%E5%90%8B%E5%BD%A9%E8%89%B2%E9%9B%BB%E5%AD%90%E7%B4%99%E5%BB%A3%E5%91%8A%E7%9C%8B%E6%9D%BF-%E6%A1%83%E5%9C%92%E6%A9%9F%E5%A0%B4%E5%95%9F%E7%94%A8-130117861.html,0.0,neutral
2026-06-01,MARKET,市場,Yahoo股市-最新新聞,宏芯宇在台北國際電腦展上發布自主研發的HG2325 UFS控制器及全系列存儲解決方案,隨着2026年台北國際電腦展(COMPUTEX Taipei)盛大開幕，宏芯宇順應AI（人工智能）終端爆發所驅動的對高速、穩定、高可靠存儲的強勁需求，正式發布全新自主研發的UFS 2.2控制器HG23,,https://tw.stock.yahoo.com/news/%E5%AE%8F%E8%8A%AF%E5%AE%87%E5%9C%A8%E5%8F%B0%E5%8C%97%E5%9C%8B%E9%9A%9B%E9%9B%BB%E8%85%A6%E5%B1%95%E4%B8%8A%E7%99%BC%E5%B8%83%E8%87%AA%E4%B8%BB%E7%A0%94%E7%99%BC%E7%9A%84hg2325-ufs%E6%8E%A7%E5%88%B6%E5%99%A8%E5%8F%8A%E5%85%A8%E7%B3%BB%E5%88%97%E5%AD%98%E5%84%B2%E8%A7%A3%E6%B1%BA%E6%96%B9%E6%A1%88-130000283.html,1.0,positive
2026-06-01,MARKET,市場,Yahoo股市-最新新聞,標普500連續9周收漲 是否還會重現過往歷史走勢？,美國股市在 2026 年上半年展現了令人震驚的韌性，標普 500 指數也完成了一項驚人的壯舉：連續 9 周收漲。這是指數自 1957 年創立以來，僅出現過 10 次的罕見紀錄。儘管市場前景看似一片大好,,https://tw.stock.yahoo.com/news/%E6%A8%99%E6%99%AE500%E9%80%A3%E7%BA%8C9%E5%91%A8%E6%94%B6%E6%BC%B2-%E6%98%AF%E5%90%A6%E9%82%84%E6%9C%83%E9%87%8D%E7%8F%BE%E9%81%8E%E5%BE%80%E6%AD%B7%E5%8F%B2%E8%B5%B0%E5%8B%A2-125033889.html,0.0,neutral
2026-06-01,MARKET,市場,中央社-產經證券,OECD：中國大舉補貼中企 對外企構成不當競爭優勢,（中央社巴黎1日綜合外電報導）經濟合作暨發展組織（OECD）今天公布的報告顯示，在2005年至2024年期間，中國15個關鍵產業領域獲得遠高於外國競爭對手的的國家補貼，對後者構成不公平競爭優勢。,,https://www.cna.com.tw/news/aopl/202606010332.aspx,0.0,neutral
2026-06-01,MARKET,市場,中央社-產經證券,迎超高齡社會挑戰 金管會擬放寬保險商品定價限制,（中央社記者呂晏慈台北1日電）面對超高齡社會挑戰，金管會今天表示，擬透過法規調適提升保險商品定價彈性，放寬過去費率釐訂需要3至5年經驗資料的限制，並鼓勵業者以創新思維或科技技術精進商品及服務內容，提出業務試辦計畫，打造全齡金融生態圈。,,https://www.cna.com.tw/news/afe/202606010329.aspx,0.0,neutral
2026-06-01,MARKET,市場,中央社-產經證券,研擬ESG評級準則 集保結算所強化台灣永續投資市場,（中央社記者潘智義台北1日電）為因應全球永續金融監理發展趨勢，並健全台灣永續投資市場的信任基礎、提升資訊透明度，集保結算所依循金管會政策藍圖，研擬「ESG評級與數據產品提供者行為準則」草案。該草案自6月1至30日止辦理公開諮詢。,,https://www.cna.com.tw/news/afe/202606010326.aspx,0.0,neutral
2026-06-01,MARKET,市場,中央社-產經證券,黃仁勳本週訪韓 稱台韓半導體各有特色無需比較,（中央社記者吳家豪台北1日電）人工智慧（AI）晶片龍頭輝達（NVIDIA）執行長黃仁勳在訪台行程之際，今天特別出席了韓國合作夥伴感謝晚宴，他接受媒體採訪時，稱讚韓國半導體與AI生態系，並透露本週五將帶著家人前往韓國進行短暫度假與訪問。,,https://www.cna.com.tw/news/afe/202606010324.aspx,0.0,neutral
2026-06-01,MARKET,市場,中央社-產經證券,法國年度投資會議吸3.4兆元投入AI等領域 超越過去8屆總合,（中央社巴黎1日綜合外電報導）法國總統馬克宏今天說，預期今年度「選擇法國」（Choose France）投資會議吸引到的外國投資額達到930億歐元（約新台幣3兆3900億元），包括在人工智慧（AI）和資料中心領域。,,https://www.cna.com.tw/news/aopl/202606010321.aspx,0.0,neutral
2026-06-01,MARKET,市場,中央社-產經證券,元太75吋彩色電子紙廣告看板 桃園機場啟用,（中央社記者潘智義台北1日電）在全球能源轉型與淨零碳排浪潮下，企業與機構均積極響應2050淨零碳排目標，元太科技今天表示，具有超低耗電顯示技術的電子紙看板，已建置於桃園國際機場第2航廈行李提領區，成為全球首座導入於國際機場的75吋彩色電子紙廣告看板。,,https://www.cna.com.tw/news/afe/202606010320.aspx,0.0,neutral
2026-06-01,MARKET,市場,中央社-產經證券,福島啟動第20批核處理水排放 預計19天排7800噸,（中央社記者謝怡璇台北1日電）核安會表示，日本福島第一核電廠於今天開始啟動第20批次含氚廢水排放作業，預計19天排放7800噸，預估氚總活度約1.3兆貝克。,,https://www.cna.com.tw/news/afe/202606010311.aspx,0.0,neutral
2026-06-01,MARKET,市場,中央社-產經證券,台電：逾97%用電不到1000度 不會適用8.86元費率,（中央社記者謝怡璇台北1日電）住宅用戶夏月電價今天起實施。台電針對有媒體指稱本次實施的夏月電價費率是史上最貴的部分說明，1001度以上的費率為8.86元，僅用電超過1000度的部分適用，有超過97%用戶平均用電度數低於1000度，不會適用到此級距。,,https://www.cna.com.tw/news/afe/202606010310.aspx,-1.0,negative
2026-06-01,MARKET,市場,中央社-產經證券,六都5月買賣移轉月增年減 房市回溫但仍處低檔,（中央社記者何秀玲台北1日電）六都地政局公布5月建物買賣移轉棟數，合計1萬6558棟，月增5.6%、年減3.7%，為2011年以來同期新低。房仲業者指出，受部分新案交屋帶動，加上自住買盤逐步回籠，5月交易量較4月回升，但市場仍受信用管制及房貸緊縮影響，買氣尚未恢復至去年同期水準。,,https://www.cna.com.tw/news/afe/202606010304.aspx,0.0,neutral
2026-06-01,MARKET,市場,中央社-產經證券,中石化推選新任董事長 資深媒體人葛樹人出線,（中央社記者曾仁凱台北1日電）中石化前董事長陳瑞隆5月22日主持完股東常會後宣布請辭，中石化今天董事會通過繼任人選，推舉資深媒體人葛樹人為新任董事長，即日起生效。,,https://www.cna.com.tw/news/afe/202606010303.aspx,0.0,neutral
2026-06-01,MARKET,市場,中央社-產經證券,InnoVEX 2日登場 中企署主題館集結33家新創亮相,（中央社記者曾筠庭台北1日電）台北國際電腦展（COMPUTEX 2026）旗下新創展會InnoVEX將於2日至5日在台北南港展覽館二館登場。經濟部中小及新創企業署今天表示，今年集結33家台灣新創組成主題館，聚焦「AI應用科技」、「永續與健康科技」及「深科技」等3大領域，展現台灣新創在技術創新、產業應用及國際市場拓展的實力。,,https://www.cna.com.tw/news/afe/202606010300.aspx,0.0,neutral
2026-06-01,MARKET,市場,中央社-產經證券,貿易融資利息減碼5118家廠商受惠 減收37億元,（中央社記者呂晏慈台北1日電）輸出入銀行今天表示，近期全球地緣政治呈現動盪局勢，整體經貿環境潛藏不確定性風險。截至今年5月底，申請貿易融資利息減碼措施已有5118家廠商受惠，利息減收金額達新台幣37.79億元，以批發業、金屬製品製造業占大宗。,,https://www.cna.com.tw/news/afe/202606010290.aspx,0.0,neutral
2026-06-01,MARKET,市場,中央社-產經證券,台股站上45000點 中經院：留意修正風險,（中央社記者潘姿羽台北1日電）AI題材大爆發，台股多頭氣勢如虹，突破45000點關卡。外界關注台股是否過熱，中經院院長連賢明表示，金融市場是否過熱算是常態問題，目前難以判斷，但須留意過熱後難免修正，屆時修正幅度「預期會比大家想像來得大」。,,https://www.cna.com.tw/news/afe/202606010287.aspx,1.0,positive
2026-06-01,MARKET,市場,中央社-產經證券,上市公司薪資福利169萬年增6.3% 跨產業薪資齊漲,（中央社記者曾仁凱台北1日電）台灣證券交易所今天公布2025年台灣上市公司全體員工薪酬資訊，包括薪資、勞健保、退休金、其他員工福利費用，扣除董事酬金，去年上市公司全體員工平均薪資福利為新台幣169萬元，相較2024年同期成長6.3%。,,https://www.cna.com.tw/news/afe/202606010281.aspx,1.0,positive
